id,ts,user_id,user_age,user_gender,user_education,poem_title,image_path,image_type,q1_1_right_answer,phase1_response_ms,answers_json,phase2_response_ms,total_response_ms
1,2026-03-01T00:31:31.749993,whu,31,男,硕士,锦瑟,/home/ubuntu/workspace/image_voting_system/all_images/锦瑟_nano.jpg,nano,C,22416,"{""q1-2"": ""a"", ""q1-1"": ""C"", ""q2-1"": ""a"", ""q2-2"": ""a"", ""q2-3"": ""a"", ""q2-4"": ""a"", ""q2-5"": ""a"", ""q2-6"": ""d"", ""q2-7"": ""a"", ""q2-8"": ""a"", ""q2-9"": ""a"", ""q2-10"": ""b""}",82427,104843
2,2026-03-01T00:35:00.732830,whu,31,男,硕士,留别王侍御维,/home/ubuntu/workspace/image_voting_system/all_images/留别王侍御维_nano.jpg,nano,D,153802,"{""q1-2"": ""b"", ""q1-1"": ""B"", ""q2-1"": ""a"", ""q2-2"": ""a"", ""q2-3"": ""a"", ""q2-4"": ""b"", ""q2-5"": ""e"", ""q2-6"": ""b"", ""q2-7"": ""a"", ""q2-8"": ""a"", ""q2-9"": ""a"", ""q2-10"": ""c""}",55181,208983
3,2026-03-01T00:36:53.328534,whu,31,男,硕士,无题·重帏深下莫愁堂,/home/ubuntu/workspace/image_voting_system/all_images/无题·重帏深下莫愁堂_seedream.jpg,seedream,D,71750,"{""q1-2"": ""a"", ""q1-1"": ""D"", ""q2-1"": ""a"", ""q2-2"": ""a"", ""q2-3"": ""b"", ""q2-4"": ""b"", ""q2-5"": ""b"", ""q2-6"": ""a"", ""q2-7"": ""a"", ""q2-8"": ""a"", ""q2-9"": ""a"", ""q2-10"": ""b""}",40846,112596
4,2026-03-01T00:38:20.105091,whu,31,男,硕士,与高适薛据同登慈恩寺浮图,/home/ubuntu/workspace/image_voting_system/all_images/与高适薛据同登慈恩寺浮图_mj.jpg,mj,B,31215,"{""q1-2"": ""c"", ""q1-1"": ""B"", ""q2-1"": ""a"", ""q2-2"": ""b"", ""q2-3"": ""b"", ""q2-4"": ""c"", ""q2-5"": ""d"", ""q2-6"": ""d"", ""q2-7"": ""a"", ""q2-8"": ""d"", ""q2-9"": ""c"", ""q2-10"": ""d""}",55561,86776
5,2026-03-01T00:40:49.547024,whu,31,男,硕士,长安遇冯著,/home/ubuntu/workspace/image_voting_system/all_images/长安遇冯著_mj.jpg,mj,C,66080,"{""q1-2"": ""d"", ""q1-1"": ""B"", ""q2-1"": ""a"", ""q2-2"": ""b"", ""q2-3"": ""a"", ""q2-4"": ""d"", ""q2-5"": ""c"", ""q2-6"": ""d"", ""q2-7"": ""a"", ""q2-8"": ""a"", ""q2-9"": ""a"", ""q2-10"": ""e""}",83362,149442
6,2026-03-01T00:42:16.871290,whu,31,男,硕士,过故人庄,/home/ubuntu/workspace/image_voting_system/all_images/过故人庄_mj.jpg,mj,B,32540,"{""q1-2"": ""c"", ""q1-1"": ""B"", ""q2-1"": ""a"", ""q2-2"": ""b"", ""q2-3"": ""c"", ""q2-4"": ""b"", ""q2-5"": ""b"", ""q2-6"": ""b"", ""q2-7"": ""b"", ""q2-8"": ""a"", ""q2-9"": ""b"", ""q2-10"": ""c""}",54784,87324
7,2026-03-01T00:58:52.914525,whu,31,男,硕士,韦讽录事宅观曹将军画马图,/home/ubuntu/workspace/image_voting_system/all_images/韦讽录事宅观曹将军画马图_nano.jpg,nano,C,28270,"{""q1-2"": ""a"", ""q1-1"": ""C"", ""q2-1"": ""a"", ""q2-2"": ""a"", ""q2-3"": ""b"", ""q2-4"": ""a"", ""q2-5"": ""a"", ""q2-6"": ""b"", ""q2-7"": ""a"", ""q2-8"": ""a"", ""q2-9"": ""a"", ""q2-10"": ""b""}",34182,62452
8,2026-03-01T01:00:11.999533,whu,31,男,硕士,出塞,/home/ubuntu/workspace/image_voting_system/all_images/出塞_mj.jpg,mj,A,44191,"{""q1-2"": ""d"", ""q1-1"": ""B"", ""q2-1"": ""a"", ""q2-2"": ""a"", ""q2-3"": ""a"", ""q2-4"": ""c"", ""q2-5"": ""c"", ""q2-6"": ""d"", ""q2-7"": ""a"", ""q2-8"": ""d"", ""q2-9"": ""a"", ""q2-10"": ""e""}",34894,79085
9,2026-03-01T01:01:50.376103,whu,31,男,硕士,听安万善吹觱篥歌,/home/ubuntu/workspace/image_voting_system/all_images/听安万善吹觱篥歌_seedream.jpg,seedream,C,22173,"{""q1-2"": ""e"", ""q1-1"": ""C"", ""q2-1"": ""a"", ""q2-2"": ""a"", ""q2-3"": ""a"", ""q2-4"": ""a"", ""q2-5"": ""a"", ""q2-6"": ""b"", ""q2-7"": ""a"", ""q2-8"": ""a"", ""q2-9"": ""a"", ""q2-10"": ""b""}",76203,98376
10,2026-03-01T01:03:36.342174,whu,31,男,硕士,赠内人,/home/ubuntu/workspace/image_voting_system/all_images/赠内人_mj.jpg,mj,C,38425,"{""q1-2"": ""d"", ""q1-1"": ""D"", ""q2-1"": ""a"", ""q2-2"": ""b"", ""q2-3"": ""b"", ""q2-4"": ""c"", ""q2-5"": ""c"", ""q2-6"": ""b"", ""q2-7"": ""c"", ""q2-8"": ""a"", ""q2-9"": ""b"", ""q2-10"": ""d""}",67541,105966
11,2026-03-01T01:04:38.612913,whu,31,男,硕士,江南逢李龟年,/home/ubuntu/workspace/image_voting_system/all_images/江南逢李龟年_gpt.jpg,gpt,C,31638,"{""q1-2"": ""a"", ""q1-1"": ""C"", ""q2-1"": ""a"", ""q2-2"": ""b"", ""q2-3"": ""b"", ""q2-4"": ""a"", ""q2-5"": ""b"", ""q2-6"": ""b"", ""q2-7"": ""a"", ""q2-8"": ""a"", ""q2-9"": ""a"", ""q2-10"": ""b""}",30633,62271
12,2026-03-01T01:06:12.807868,whu,31,男,硕士,梦李白二首·其二,/home/ubuntu/workspace/image_voting_system/all_images/梦李白二首·其二_seedream.jpg,seedream,B,48597,"{""q1-2"": ""a"", ""q1-1"": ""B"", ""q2-1"": ""a"", ""q2-2"": ""a"", ""q2-3"": ""b"", ""q2-4"": ""a"", ""q2-5"": ""c"", ""q2-6"": ""b"", ""q2-7"": ""b"", ""q2-8"": ""a"", ""q2-9"": ""a"", ""q2-10"": ""c""}",45598,94195
13,2026-03-01T01:07:36.221540,whu,31,男,硕士,寄李儋元锡,/home/ubuntu/workspace/image_voting_system/all_images/寄李儋元锡_mj.jpg,mj,C,35342,"{""q1-2"": ""c"", ""q1-1"": ""C"", ""q2-1"": ""a"", ""q2-2"": ""b"", ""q2-3"": ""a"", ""q2-4"": ""c"", ""q2-5"": ""c"", ""q2-6"": ""d"", ""q2-7"": ""a"", ""q2-9"": ""b"", ""q2-8"": ""d"", ""q2-10"": ""d""}",48069,83411
14,2026-03-01T01:08:29.803168,whu,31,男,硕士,登鹳雀楼,/home/ubuntu/workspace/image_voting_system/all_images/登鹳雀楼_seedream.jpg,seedream,A,11757,"{""q1-2"": ""e"", ""q1-1"": ""A"", ""q2-1"": ""a"", ""q2-2"": ""a"", ""q2-3"": ""b"", ""q2-4"": ""a"", ""q2-5"": ""a"", ""q2-6"": ""c"", ""q2-7"": ""a"", ""q2-8"": ""a"", ""q2-9"": ""a"", ""q2-10"": ""b""}",41827,53584
15,2026-03-01T01:09:26.364401,whu,31,男,硕士,长干曲四首·其二,/home/ubuntu/workspace/image_voting_system/all_images/长干曲四首·其二_mj.jpg,mj,B,26652,"{""q1-2"": ""d"", ""q1-1"": ""C"", ""q2-1"": ""a"", ""q2-2"": ""a"", ""q2-3"": ""a"", ""q2-4"": ""d"", ""q2-5"": ""b"", ""q2-6"": ""d"", ""q2-7"": ""a"", ""q2-8"": ""a"", ""q2-9"": ""b"", ""q2-10"": ""e""}",29910,56562
16,2026-03-01T01:10:27.639407,whu,31,男,硕士,月夜·今夜鄜州月,/home/ubuntu/workspace/image_voting_system/all_images/月夜·今夜鄜州月_seedream.jpg,seedream,B,30840,"{""q1-2"": ""a"", ""q1-1"": ""B"", ""q2-1"": ""a"", ""q2-2"": ""a"", ""q2-3"": ""b"", ""q2-4"": ""b"", ""q2-5"": ""a"", ""q2-6"": ""a"", ""q2-7"": ""a"", ""q2-8"": ""a"", ""q2-9"": ""a"", ""q2-10"": ""c""}",30435,61275
17,2026-03-01T01:12:17.270673,whu,31,男,硕士,登幽州台歌,/home/ubuntu/workspace/image_voting_system/all_images/登幽州台歌_mj.jpg,mj,D,23290,"{""q1-2"": ""d"", ""q1-1"": ""D"", ""q2-1"": ""a"", ""q2-2"": ""b"", ""q2-3"": ""b"", ""q2-4"": ""d"", ""q2-5"": ""c"", ""q2-6"": ""d"", ""q2-7"": ""a"", ""q2-8"": ""a"", ""q2-9"": ""b"", ""q2-10"": ""e""}",24843,48133
18,2026-03-01T01:13:35.428610,whu,31,男,硕士,送李少府贬峡中王少府贬长沙,/home/ubuntu/workspace/image_voting_system/all_images/送李少府贬峡中王少府贬长沙_seedream.jpg,seedream,D,40885,"{""q1-2"": ""a"", ""q1-1"": ""D"", ""q2-1"": ""a"", ""q2-2"": ""a"", ""q2-3"": ""b"", ""q2-4"": ""a"", ""q2-5"": ""a"", ""q2-6"": ""d"", ""q2-7"": ""a"", ""q2-8"": ""a"", ""q2-9"": ""a"", ""q2-10"": ""c""}",37273,78158
19,2026-03-01T01:14:44.496285,whu,31,男,硕士,听筝,/home/ubuntu/workspace/image_voting_system/all_images/听筝_mj.jpg,mj,D,27869,"{""q1-2"": ""a"", ""q1-1"": ""D"", ""q2-1"": ""a"", ""q2-2"": ""b"", ""q2-3"": ""b"", ""q2-4"": ""a"", ""q2-5"": ""a"", ""q2-6"": ""b"", ""q2-7"": ""a"", ""q2-8"": ""a"", ""q2-9"": ""a"", ""q2-10"": ""b""}",41198,69067
20,2026-03-01T01:16:41.295683,whu,31,男,硕士,秋日赴阙题潼关驿楼,/home/ubuntu/workspace/image_voting_system/all_images/秋日赴阙题潼关驿楼_mj.jpg,mj,A,66873,"{""q1-2"": ""d"", ""q1-1"": ""B"", ""q2-1"": ""a"", ""q2-2"": ""b"", ""q2-3"": ""a"", ""q2-4"": ""c"", ""q2-5"": ""c"", ""q2-6"": ""d"", ""q2-7"": ""a"", ""q2-8"": ""b"", ""q2-9"": ""a"", ""q2-10"": ""e""}",49927,116800
21,2026-03-01T01:17:28.345237,whu,31,男,硕士,送杨氏女,/home/ubuntu/workspace/image_voting_system/all_images/送杨氏女_nano.jpg,nano,A,20199,"{""q1-2"": ""a"", ""q1-1"": ""A"", ""q2-1"": ""a"", ""q2-2"": ""a"", ""q2-3"": ""b"", ""q2-4"": ""a"", ""q2-5"": ""a"", ""q2-6"": ""a"", ""q2-7"": ""a"", ""q2-8"": ""a"", ""q2-9"": ""a"", ""q2-10"": ""b""}",26850,47049
22,2026-03-01T02:19:17.434700,whu,31,男,硕士,蝉,/home/ubuntu/workspace/image_voting_system/all_images/蝉_mj.jpg,mj,C,18599,"{""q1-2"": ""d"", ""q1-1"": ""B"", ""q2-1"": ""a"", ""q2-2"": ""a"", ""q2-3"": ""a"", ""q2-4"": ""d"", ""q2-5"": ""d"", ""q2-6"": ""f"", ""q2-7"": ""b"", ""q2-8"": ""b"", ""q2-9"": ""c"", ""q2-10"": ""e""}",63081,81680
23,2026-03-01T02:20:29.668931,whu,31,男,硕士,蜀先主庙,/home/ubuntu/workspace/image_voting_system/all_images/蜀先主庙_nano.jpg,nano,D,33524,"{""q1-2"": ""a"", ""q1-1"": ""D"", ""q2-1"": ""a"", ""q2-2"": ""a"", ""q2-3"": ""b"", ""q2-4"": ""b"", ""q2-5"": ""e"", ""q2-6"": ""b"", ""q2-7"": ""a"", ""q2-8"": ""a"", ""q2-9"": ""a"", ""q2-10"": ""b""}",38710,72234
24,2026-03-01T02:22:06.964311,whu,31,男,硕士,古从军行,/home/ubuntu/workspace/image_voting_system/all_images/古从军行_mj.jpg,mj,B,50707,"{""q1-2"": ""c"", ""q1-1"": ""B"", ""q2-1"": ""a"", ""q2-2"": ""a"", ""q2-3"": ""b"", ""q2-4"": ""c"", ""q2-5"": ""c"", ""q2-6"": ""d"", ""q2-7"": ""a"", ""q2-8"": ""d"", ""q2-9"": ""a"", ""q2-10"": ""e""}",46589,97296
25,2026-03-01T02:23:23.425535,whu,31,男,硕士,咏怀古迹五首·其四,/home/ubuntu/workspace/image_voting_system/all_images/咏怀古迹五首·其四_mj.jpg,mj,A,40483,"{""q1-2"": ""b"", ""q1-1"": ""A"", ""q2-1"": ""a"", ""q2-2"": ""b"", ""q2-3"": ""a"", ""q2-4"": ""b"", ""q2-5"": ""b"", ""q2-6"": ""d"", ""q2-7"": ""a"", ""q2-8"": ""a"", ""q2-9"": ""c"", ""q2-10"": ""d""}",35978,76461
26,2026-03-01T02:24:24.582524,whu,31,男,硕士,望月怀远,/home/ubuntu/workspace/image_voting_system/all_images/望月怀远_mj.jpg,mj,D,26216,"{""q1-2"": ""c"", ""q1-1"": ""D"", ""q2-1"": ""a"", ""q2-2"": ""b"", ""q2-3"": ""c"", ""q2-4"": ""d"", ""q2-5"": ""c"", ""q2-6"": ""d"", ""q2-7"": ""b"", ""q2-8"": ""a"", ""q2-9"": ""c"", ""q2-10"": ""e""}",34939,61155
27,2026-03-01T02:26:48.046606,whu,31,男,硕士,送魏万之京,/home/ubuntu/workspace/image_voting_system/all_images/送魏万之京_mj.jpg,mj,B,108724,"{""q1-2"": ""d"", ""q1-1"": ""A"", ""q2-1"": ""a"", ""q2-2"": ""a"", ""q2-3"": ""a"", ""q2-4"": ""d"", ""q2-5"": ""d"", ""q2-6"": ""d"", ""q2-7"": ""a"", ""q2-8"": ""d"", ""q2-9"": ""b"", ""q2-10"": ""e""}",34741,143465
28,2026-03-01T02:28:12.513709,whu,31,男,硕士,赠卫八处士,/home/ubuntu/workspace/image_voting_system/all_images/赠卫八处士_mj.jpg,mj,C,12695,"{""q1-2"": ""c"", ""q1-1"": ""C"", ""q2-1"": ""a"", ""q2-2"": ""c"", ""q2-3"": ""b"", ""q2-4"": ""c"", ""q2-5"": ""d"", ""q2-6"": ""b"", ""q2-7"": ""a"", ""q2-8"": ""a"", ""q2-9"": ""c"", ""q2-10"": ""d""}",71773,84468
29,2026-03-01T02:30:17.605007,whu,31,男,硕士,送綦毋潜落第还乡,/home/ubuntu/workspace/image_voting_system/all_images/送綦毋潜落第还乡_seedream.jpg,seedream,B,91393,"{""q1-2"": ""b"", ""q1-1"": ""B"", ""q2-1"": ""a"", ""q2-2"": ""a"", ""q2-3"": ""b"", ""q2-4"": ""b"", ""q2-5"": ""a"", ""q2-6"": ""a"", ""q2-7"": ""a"", ""q2-8"": ""a"", ""q2-9"": ""a"", ""q2-10"": ""c""}",33698,125091
30,2026-03-01T02:31:30.181255,whu,31,男,硕士,新年作,/home/ubuntu/workspace/image_voting_system/all_images/新年作_mj.jpg,mj,D,19122,"{""q1-2"": ""c"", ""q1-1"": ""D"", ""q2-1"": ""a"", ""q2-2"": ""b"", ""q2-3"": ""b"", ""q2-4"": ""c"", ""q2-5"": ""c"", ""q2-6"": ""d"", ""q2-7"": ""b"", ""q2-8"": ""a"", ""q2-9"": ""b"", ""q2-10"": ""e""}",53455,72577
31,2026-03-01T02:31:57.168965,whu,31,男,硕士,春晓,/home/ubuntu/workspace/image_voting_system/all_images/春晓_seedream.jpg,seedream,B,8658,"{""q1-2"": ""a"", ""q1-1"": ""B"", ""q2-1"": ""a"", ""q2-2"": ""a"", ""q2-3"": ""b"", ""q2-4"": ""a"", ""q2-5"": ""a"", ""q2-6"": ""a"", ""q2-7"": ""a"", ""q2-8"": ""a"", ""q2-9"": ""a"", ""q2-10"": ""b""}",18329,26987
32,2026-03-01T03:27:40.528492,LuoLuo,30,男,硕士,同题仙游观,/home/ubuntu/workspace/image_voting_system/all_images/同题仙游观_nano.jpg,nano,C,24885,"{""q1-2"": ""a"", ""q1-1"": ""C"", ""q2-1"": ""a"", ""q2-2"": ""b"", ""q2-3"": ""b"", ""q2-4"": ""b"", ""q2-5"": ""a"", ""q2-6"": ""c"", ""q2-7"": ""a"", ""q2-8"": ""a"", ""q2-9"": ""a"", ""q2-10"": ""c""}",30975,55860
33,2026-03-01T03:28:25.868636,LuoLuo,30,男,硕士,后宫词,/home/ubuntu/workspace/image_voting_system/all_images/后宫词_seedream.jpg,seedream,A,25904,"{""q1-2"": ""a"", ""q1-1"": ""A"", ""q2-1"": ""a"", ""q2-2"": ""b"", ""q2-3"": ""a"", ""q2-4"": ""a"", ""q2-5"": ""a"", ""q2-6"": ""b"", ""q2-7"": ""a"", ""q2-8"": ""a"", ""q2-9"": ""a"", ""q2-10"": ""b""}",19436,45340
34,2026-03-01T03:29:53.319097,LuoLuo,30,男,硕士,行路难·其三,/home/ubuntu/workspace/image_voting_system/all_images/行路难·其三_mj.jpg,mj,A,42547,"{""q1-2"": ""d"", ""q1-1"": ""B"", ""q2-1"": ""a"", ""q2-2"": ""c"", ""q2-3"": ""b"", ""q2-4"": ""c"", ""q2-5"": ""a"", ""q2-6"": ""b"", ""q2-7"": ""a"", ""q2-8"": ""d"", ""q2-9"": ""b"", ""q2-10"": ""d""}",44903,87450
35,2026-03-01T03:31:10.568624,LuoLuo,30,男,硕士,落花,/home/ubuntu/workspace/image_voting_system/all_images/落花_mj.jpg,mj,B,33602,"{""q1-2"": ""b"", ""q1-1"": ""B"", ""q2-1"": ""a"", ""q2-2"": ""a"", ""q2-3"": ""b"", ""q2-4"": ""b"", ""q2-5"": ""b"", ""q2-6"": ""d"", ""q2-7"": ""a"", ""q2-8"": ""a"", ""q2-9"": ""a"", ""q2-10"": ""c""}",43648,77250
36,2026-03-01T03:31:47.528331,LuoLuo,30,男,硕士,月夜·今夜鄜州月,/home/ubuntu/workspace/image_voting_system/all_images/月夜·今夜鄜州月_mj.jpg,mj,A,8040,"{""q1-2"": ""c"", ""q1-1"": ""A"", ""q2-1"": ""b"", ""q2-2"": ""c"", ""q2-3"": ""c"", ""q2-4"": ""b"", ""q2-5"": ""b"", ""q2-6"": ""e"", ""q2-7"": ""a"", ""q2-8"": ""a"", ""q2-9"": ""b"", ""q2-10"": ""d""}",28920,36960
37,2026-03-01T03:33:07.709032,LuoLuo,30,男,硕士,宫词·长乐宫连上苑春,/home/ubuntu/workspace/image_voting_system/all_images/宫词·长乐宫连上苑春_nano.jpg,nano,C,26260,"{""q1-2"": ""b"", ""q1-1"": ""A"", ""q2-1"": ""b"", ""q2-2"": ""c"", ""q2-3"": ""d"", ""q2-4"": ""c"", ""q2-5"": ""a"", ""q2-6"": ""c"", ""q2-7"": ""a"", ""q2-8"": ""a"", ""q2-9"": ""a"", ""q2-10"": ""e""}",53920,80180
38,2026-03-01T03:33:54.873977,LuoLuo,30,男,硕士,丽人行,/home/ubuntu/workspace/image_voting_system/all_images/丽人行_gpt.jpg,gpt,D,21555,"{""q1-2"": ""c"", ""q1-1"": ""D"", ""q2-1"": ""a"", ""q2-2"": ""b"", ""q2-3"": ""a"", ""q2-4"": ""b"", ""q2-5"": ""a"", ""q2-6"": ""b"", ""q2-7"": ""a"", ""q2-8"": ""a"", ""q2-9"": ""a"", ""q2-10"": ""b""}",25610,47165
39,2026-03-01T03:35:00.743565,LuoLuo,30,男,硕士,登高,/home/ubuntu/workspace/image_voting_system/all_images/登高_mj.jpg,mj,B,25274,"{""q1-2"": ""d"", ""q1-1"": ""B"", ""q2-1"": ""a"", ""q2-2"": ""c"", ""q2-3"": ""b"", ""q2-4"": ""b"", ""q2-5"": ""d"", ""q2-6"": ""d"", ""q2-7"": ""d"", ""q2-8"": ""d"", ""q2-9"": ""b"", ""q2-10"": ""d""}",40596,65870
40,2026-03-01T03:36:10.023806,LuoLuo,30,男,硕士,赠阙下裴舍人,/home/ubuntu/workspace/image_voting_system/all_images/赠阙下裴舍人_nano.jpg,nano,B,16770,"{""q1-2"": ""c"", ""q1-1"": ""B"", ""q2-1"": ""b"", ""q2-2"": ""a"", ""q2-3"": ""a"", ""q2-4"": ""b"", ""q2-5"": ""a"", ""q2-6"": ""b"", ""q2-7"": ""c"", ""q2-8"": ""a"", ""q2-9"": ""a"", ""q2-10"": ""d""}",52510,69280
41,2026-03-01T03:37:47.703242,LuoLuo,30,男,硕士,长沙过贾谊宅,/home/ubuntu/workspace/image_voting_system/all_images/长沙过贾谊宅_mj.jpg,mj,C,54781,"{""q1-2"": ""d"", ""q1-1"": ""A"", ""q2-1"": ""a"", ""q2-2"": ""a"", ""q2-3"": ""a"", ""q2-4"": ""d"", ""q2-5"": ""c"", ""q2-6"": ""d"", ""q2-7"": ""a"", ""q2-8"": ""a"", ""q2-9"": ""b"", ""q2-10"": ""e""}",42898,97679
42,2026-03-01T03:38:40.298542,LuoLuo,30,男,硕士,春思·莺啼燕语报新年,/home/ubuntu/workspace/image_voting_system/all_images/春思·莺啼燕语报新年_gpt.jpg,gpt,D,25106,"{""q1-2"": ""c"", ""q1-1"": ""B"", ""q2-1"": ""a"", ""q2-2"": ""a"", ""q2-3"": ""a"", ""q2-4"": ""b"", ""q2-5"": ""a"", ""q2-6"": ""b"", ""q2-7"": ""a"", ""q2-8"": ""a"", ""q2-9"": ""a"", ""q2-10"": ""c""}",27490,52596
43,2026-03-01T03:39:22.464809,LuoLuo,30,男,硕士,宿府,/home/ubuntu/workspace/image_voting_system/all_images/宿府_mj.jpg,mj,D,19260,"{""q1-2"": ""a"", ""q1-1"": ""D"", ""q2-1"": ""a"", ""q2-2"": ""b"", ""q2-3"": ""a"", ""q2-4"": ""a"", ""q2-5"": ""a"", ""q2-6"": ""d"", ""q2-7"": ""a"", ""q2-8"": ""a"", ""q2-9"": ""b"", ""q2-10"": ""c""}",22906,42166
44,2026-03-01T03:40:22.138524,LuoLuo,30,男,硕士,晨诣超师院读禅经,/home/ubuntu/workspace/image_voting_system/all_images/晨诣超师院读禅经_mj.jpg,mj,A,7680,"{""q1-2"": ""a"", ""q1-1"": ""A"", ""q2-1"": ""a"", ""q2-2"": ""b"", ""q2-3"": ""a"", ""q2-4"": ""a"", ""q2-5"": ""a"", ""q2-6"": ""c"", ""q2-7"": ""a"", ""q2-8"": ""d"", ""q2-9"": ""a"", ""q2-10"": ""b""}",51993,59673
45,2026-03-01T03:41:09.548387,LuoLuo,30,男,硕士,青溪,/home/ubuntu/workspace/image_voting_system/all_images/青溪_mj.jpg,mj,D,11196,"{""q1-2"": ""c"", ""q1-1"": ""D"", ""q2-1"": ""b"", ""q2-2"": ""c"", ""q2-3"": ""c"", ""q2-4"": ""c"", ""q2-5"": ""e"", ""q2-6"": ""d"", ""q2-7"": ""a"", ""q2-8"": ""b"", ""q2-9"": ""c"", ""q2-10"": ""e""}",36215,47411
46,2026-03-01T03:41:49.889197,LuoLuo,30,男,硕士,金陵图,/home/ubuntu/workspace/image_voting_system/all_images/金陵图_mj.jpg,mj,C,15505,"{""q1-2"": ""c"", ""q1-1"": ""C"", ""q2-1"": ""a"", ""q2-2"": ""c"", ""q2-3"": ""c"", ""q2-4"": ""c"", ""q2-5"": ""b"", ""q2-6"": ""d"", ""q2-7"": ""a"", ""q2-8"": ""a"", ""q2-9"": ""c"", ""q2-10"": ""e""}",24835,40340
47,2026-03-01T03:42:27.953827,LuoLuo,30,男,硕士,问刘十九,/home/ubuntu/workspace/image_voting_system/all_images/问刘十九_nano.jpg,nano,B,16500,"{""q1-2"": ""a"", ""q1-1"": ""B"", ""q2-1"": ""a"", ""q2-2"": ""a"", ""q2-3"": ""a"", ""q2-4"": ""a"", ""q2-5"": ""a"", ""q2-6"": ""b"", ""q2-7"": ""a"", ""q2-8"": ""a"", ""q2-9"": ""a"", ""q2-10"": ""b""}",21565,38065
48,2026-03-01T03:43:56.522432,LuoLuo,30,男,硕士,梦游天姥吟留别,/home/ubuntu/workspace/image_voting_system/all_images/梦游天姥吟留别_mj.jpg,mj,A,20042,"{""q1-2"": ""c"", ""q1-1"": ""A"", ""q2-1"": ""b"", ""q2-2"": ""c"", ""q2-3"": ""b"", ""q2-4"": ""c"", ""q2-5"": ""e"", ""q2-6"": ""d"", ""q2-7"": ""a"", ""q2-8"": ""a"", ""q2-9"": ""c"", ""q2-10"": ""d""}",68527,88569
49,2026-03-01T03:45:43.104824,LuoLuo,30,男,硕士,韦讽录事宅观曹将军画马图,/home/ubuntu/workspace/image_voting_system/all_images/韦讽录事宅观曹将军画马图_seedream.jpg,seedream,B,61332,"{""q1-2"": ""c"", ""q1-1"": ""B"", ""q2-1"": ""a"", ""q2-2"": ""b"", ""q2-3"": ""b"", ""q2-4"": ""c"", ""q2-5"": ""a"", ""q2-6"": ""c"", ""q2-7"": ""a"", ""q2-8"": ""c"", ""q2-9"": ""b"", ""q2-10"": ""d""}",45250,106582
50,2026-03-01T03:46:26.255425,LuoLuo,30,男,硕士,塞下曲·饮马渡秋水,/home/ubuntu/workspace/image_voting_system/all_images/塞下曲·饮马渡秋水_nano.jpg,nano,C,12991,"{""q1-2"": ""a"", ""q1-1"": ""C"", ""q2-1"": ""b"", ""q2-2"": ""b"", ""q2-3"": ""c"", ""q2-4"": ""b"", ""q2-5"": ""a"", ""q2-6"": ""b"", ""q2-7"": ""a"", ""q2-8"": ""a"", ""q2-9"": ""b"", ""q2-10"": ""d""}",30160,43151
51,2026-03-01T03:47:13.575231,LuoLuo,30,男,硕士,八阵图,/home/ubuntu/workspace/image_voting_system/all_images/八阵图_gpt.jpg,gpt,C,8257,"{""q1-2"": ""a"", ""q1-1"": ""C"", ""q2-1"": ""a"", ""q2-2"": ""a"", ""q2-3"": ""b"", ""q2-4"": ""b"", ""q2-5"": ""a"", ""q2-6"": ""b"", ""q2-7"": ""b"", ""q2-8"": ""a"", ""q2-9"": ""a"", ""q2-10"": ""c""}",39062,47319
52,2026-03-01T03:48:18.213617,LuoLuo,30,男,硕士,阙题,/home/ubuntu/workspace/image_voting_system/all_images/阙题_mj.jpg,mj,D,22348,"{""q1-2"": ""d"", ""q1-1"": ""B"", ""q2-1"": ""c"", ""q2-2"": ""c"", ""q2-3"": ""c"", ""q2-4"": ""c"", ""q2-5"": ""b"", ""q2-6"": ""c"", ""q2-7"": ""b"", ""q2-8"": ""a"", ""q2-9"": ""b"", ""q2-10"": ""e""}",42291,64639
53,2026-03-01T03:49:12.938779,LuoLuo,30,男,硕士,清平调·其一,/home/ubuntu/workspace/image_voting_system/all_images/清平调·其一_nano.jpg,nano,B,27392,"{""q1-2"": ""b"", ""q1-1"": ""B"", ""q2-1"": ""a"", ""q2-2"": ""b"", ""q2-3"": ""b"", ""q2-4"": ""b"", ""q2-5"": ""b"", ""q2-6"": ""b"", ""q2-7"": ""a"", ""q2-8"": ""a"", ""q2-9"": ""b"", ""q2-10"": ""c""}",27333,54725
54,2026-03-01T03:50:13.177236,LuoLuo,30,男,硕士,无题·相见时难别亦难,/home/ubuntu/workspace/image_voting_system/all_images/无题·相见时难别亦难_seedream.jpg,seedream,B,25586,"{""q1-2"": ""a"", ""q1-1"": ""B"", ""q2-1"": ""a"", ""q2-2"": ""b"", ""q2-3"": ""b"", ""q2-4"": ""b"", ""q2-5"": ""b"", ""q2-6"": ""e"", ""q2-7"": ""a"", ""q2-8"": ""a"", ""q2-9"": ""b"", ""q2-10"": ""d""}",34652,60238
55,2026-03-01T03:51:19.090802,LuoLuo,30,男,硕士,秋登兰山寄张五,/home/ubuntu/workspace/image_voting_system/all_images/秋登兰山寄张五_seedream.jpg,seedream,C,32789,"{""q1-2"": ""c"", ""q1-1"": ""B"", ""q2-1"": ""a"", ""q2-2"": ""b"", ""q2-3"": ""c"", ""q2-4"": ""b"", ""q2-5"": ""a"", ""q2-6"": ""d"", ""q2-7"": ""a"", ""q2-8"": ""a"", ""q2-9"": ""a"", ""q2-10"": ""c""}",33125,65914
56,2026-03-01T03:52:20.206867,LuoLuo,30,男,硕士,八月十五夜赠张功曹,/home/ubuntu/workspace/image_voting_system/all_images/八月十五夜赠张功曹_mj.jpg,mj,D,35985,"{""q1-2"": ""d"", ""q1-1"": ""D"", ""q2-1"": ""b"", ""q2-2"": ""b"", ""q2-3"": ""c"", ""q2-4"": ""c"", ""q2-5"": ""a"", ""q2-6"": ""d"", ""q2-7"": ""a"", ""q2-8"": ""a"", ""q2-9"": ""b"", ""q2-10"": ""d""}",25131,61116
57,2026-03-01T03:53:16.515000,LuoLuo,30,男,硕士,山石,/home/ubuntu/workspace/image_voting_system/all_images/山石_nano.jpg,nano,D,32730,"{""q1-2"": ""c"", ""q1-1"": ""D"", ""q2-1"": ""a"", ""q2-2"": ""b"", ""q2-3"": ""b"", ""q2-4"": ""b"", ""q2-5"": ""b"", ""q2-6"": ""b"", ""q2-7"": ""a"", ""q2-8"": ""a"", ""q2-9"": ""b"", ""q2-10"": ""d""}",23578,56308
58,2026-03-01T03:54:27.501016,LuoLuo,30,男,硕士,长恨歌,/home/ubuntu/workspace/image_voting_system/all_images/长恨歌_mj.jpg,mj,C,28074,"{""q1-2"": ""c"", ""q1-1"": ""C"", ""q2-1"": ""b"", ""q2-2"": ""c"", ""q2-3"": ""a"", ""q2-4"": ""c"", ""q2-5"": ""a"", ""q2-6"": ""d"", ""q2-7"": ""a"", ""q2-8"": ""a"", ""q2-9"": ""b"", ""q2-10"": ""d""}",42912,70986
59,2026-03-01T03:55:46.722267,LuoLuo,30,男,硕士,赠卫八处士,/home/ubuntu/workspace/image_voting_system/all_images/赠卫八处士_seedream.jpg,seedream,B,21564,"{""q1-2"": ""e"", ""q1-1"": ""B"", ""q2-1"": ""a"", ""q2-2"": ""b"", ""q2-3"": ""c"", ""q2-4"": ""b"", ""q2-5"": ""a"", ""q2-6"": ""e"", ""q2-7"": ""a"", ""q2-8"": ""b"", ""q2-9"": ""b"", ""q2-10"": ""c""}",57657,79221
60,2026-03-01T03:57:11.361147,LuoLuo,30,男,硕士,清平调·其二,/home/ubuntu/workspace/image_voting_system/all_images/清平调·其二_mj.jpg,mj,C,19247,"{""q1-2"": ""c"", ""q1-1"": ""D"", ""q2-1"": ""b"", ""q2-2"": ""c"", ""q2-3"": ""b"", ""q2-4"": ""c"", ""q2-5"": ""e"", ""q2-6"": ""e"", ""q2-7"": ""c"", ""q2-8"": ""a"", ""q2-9"": ""c"", ""q2-10"": ""e""}",65392,84639
61,2026-03-01T04:21:44.308933,zl_zl,33,男,硕士,古意,/home/ubuntu/workspace/image_voting_system/all_images/古意_seedream.jpg,seedream,A,66960,"{""q1-2"": ""a"", ""q1-1"": ""A"", ""q2-1"": ""a"", ""q2-2"": ""b"", ""q2-3"": ""c"", ""q2-4"": ""a"", ""q2-5"": ""a"", ""q2-6"": ""c"", ""q2-7"": ""a"", ""q2-8"": ""a"", ""q2-9"": ""a"", ""q2-10"": ""d""}",42489,109449
62,2026-03-01T04:22:44.376259,zl_zk,30,女,本科,行路难·其三,/home/ubuntu/workspace/image_voting_system/all_images/行路难·其三_seedream.jpg,seedream,D,113313,"{""q1-2"": ""b"", ""q1-1"": ""D"", ""q2-1"": ""a"", ""q2-2"": ""a"", ""q2-3"": ""b"", ""q2-4"": ""b"", ""q2-5"": ""a"", ""q2-6"": ""a"", ""q2-7"": ""a"", ""q2-8"": ""a"", ""q2-9"": ""a"", ""q2-10"": ""b""}",150106,263419
63,2026-03-01T04:23:26.259226,zl_sc,30,女,本科,北青萝,/home/ubuntu/workspace/image_voting_system/all_images/北青萝_mj.jpg,mj,A,101394,"{""q1-2"": ""b"", ""q1-1"": ""D"", ""q2-1"": ""a"", ""q2-2"": ""a"", ""q2-3"": ""a"", ""q2-4"": ""a"", ""q2-5"": ""a"", ""q2-6"": ""a"", ""q2-7"": ""a"", ""q2-8"": ""a"", ""q2-9"": ""b"", ""q2-10"": ""b""}",155895,257289
64,2026-03-01T04:25:03.547835,zl_zl,33,男,硕士,烈女操,/home/ubuntu/workspace/image_voting_system/all_images/烈女操_mj.jpg,mj,B,57334,"{""q1-2"": ""c"", ""q1-1"": ""B"", ""q2-1"": ""b"", ""q2-2"": ""a"", ""q2-3"": ""a"", ""q2-4"": ""a"", ""q2-5"": ""a"", ""q2-6"": ""c"", ""q2-7"": ""a"", ""q2-8"": ""c"", ""q2-9"": ""b"", ""q2-10"": ""c""}",141904,199238
65,2026-03-01T04:26:42.541606,zl_syd,30,女,本科,八月十五夜赠张功曹,/home/ubuntu/workspace/image_voting_system/all_images/八月十五夜赠张功曹_gpt.jpg,gpt,A,84387,"{""q1-2"": ""a"", ""q1-1"": ""A"", ""q2-1"": ""a"", ""q2-2"": ""a"", ""q2-3"": ""b"", ""q2-4"": ""b"", ""q2-5"": ""b"", ""q2-6"": ""c"", ""q2-7"": ""a"", ""q2-8"": ""a"", ""q2-9"": ""a"", ""q2-10"": ""b""}",394629,479016
66,2026-03-01T04:27:20.238518,zl_zk,30,女,本科,和贾舍人早朝大明宫之作,/home/ubuntu/workspace/image_voting_system/all_images/和贾舍人早朝大明宫之作_seedream.jpg,seedream,A,88493,"{""q1-2"": ""a"", ""q1-1"": ""A"", ""q2-1"": ""a"", ""q2-2"": ""b"", ""q2-3"": ""b"", ""q2-4"": ""a"", ""q2-5"": ""a"", ""q2-6"": ""a"", ""q2-7"": ""a"", ""q2-8"": ""a"", ""q2-9"": ""a"", ""q2-10"": ""b""}",187369,275862
67,2026-03-01T04:27:54.287852,zl_sc,30,女,本科,将进酒,/home/ubuntu/workspace/image_voting_system/all_images/将进酒_nano.jpg,nano,B,164385,"{""q1-2"": ""b"", ""q1-1"": ""C"", ""q2-1"": ""a"", ""q2-2"": ""a"", ""q2-3"": ""a"", ""q2-4"": ""b"", ""q2-5"": ""b"", ""q2-6"": ""b"", ""q2-7"": ""a"", ""q2-8"": ""a"", ""q2-9"": ""a"", ""q2-10"": ""b""}",103644,268029
68,2026-03-01T04:30:21.528190,zl_zk,30,女,本科,后宫词,/home/ubuntu/workspace/image_voting_system/all_images/后宫词_mj.jpg,mj,B,92811,"{""q1-2"": ""b"", ""q1-1"": ""A"", ""q2-1"": ""a"", ""q2-2"": ""b"", ""q2-3"": ""b"", ""q2-4"": ""b"", ""q2-5"": ""a"", ""q2-6"": ""b"", ""q2-7"": ""a"", ""q2-8"": ""a"", ""q2-9"": ""a"", ""q2-10"": ""c""}",88478,181289
69,2026-03-01T04:31:21.147599,zl_sc,30,女,本科,下终南山过斛斯山人宿置酒,/home/ubuntu/workspace/image_voting_system/all_images/下终南山过斛斯山人宿置酒_mj.jpg,mj,C,76607,"{""q1-2"": ""b"", ""q1-1"": ""C"", ""q2-1"": ""a"", ""q2-2"": ""b"", ""q2-3"": ""b"", ""q2-4"": ""b"", ""q2-5"": ""b"", ""q2-6"": ""b"", ""q2-7"": ""a"", ""q2-8"": ""b"", ""q2-9"": ""a"", ""q2-10"": ""c""}",130253,206860
70,2026-03-01T04:31:50.020536,zl_syd,30,女,本科,隋宫·紫泉宫殿锁烟霞,/home/ubuntu/workspace/image_voting_system/all_images/隋宫·紫泉宫殿锁烟霞_gpt.jpg,gpt,C,183850,"{""q1-2"": ""c"", ""q1-1"": ""C"", ""q2-1"": ""a"", ""q2-2"": ""a"", ""q2-3"": ""a"", ""q2-4"": ""b"", ""q2-5"": ""a"", ""q2-6"": ""a"", ""q2-7"": ""a"", ""q2-8"": ""a"", ""q2-9"": ""a"", ""q2-10"": ""b""}",123629,307479
71,2026-03-01T04:32:06.541105,zl_zl,33,男,硕士,八阵图,/home/ubuntu/workspace/image_voting_system/all_images/八阵图_mj.jpg,mj,C,94819,"{""q1-2"": ""c"", ""q1-1"": ""C"", ""q2-1"": ""b"", ""q2-2"": ""b"", ""q2-3"": ""a"", ""q2-4"": ""c"", ""q2-5"": ""e"", ""q2-6"": ""c"", ""q2-7"": ""a"", ""q2-8"": ""a"", ""q2-9"": ""c"", ""q2-10"": ""e""}",328175,422994
72,2026-03-01T04:32:25.192456,zl_zk,30,女,本科,逢入京使,/home/ubuntu/workspace/image_voting_system/all_images/逢入京使_mj.jpg,mj,C,63194,"{""q1-2"": ""b"", ""q1-1"": ""C"", ""q2-1"": ""a"", ""q2-2"": ""b"", ""q2-3"": ""a"", ""q2-4"": ""a"", ""q2-5"": ""a"", ""q2-6"": ""a"", ""q2-7"": ""a"", ""q2-8"": ""a"", ""q2-9"": ""a"", ""q2-10"": ""b""}",60471,123665
73,2026-03-01T04:33:27.686232,zl_zk,30,女,本科,秦中感秋寄远上人,/home/ubuntu/workspace/image_voting_system/all_images/秦中感秋寄远上人_gpt.jpg,gpt,A,31365,"{""q1-2"": ""a"", ""q1-1"": ""A"", ""q2-1"": ""a"", ""q2-2"": ""a"", ""q2-3"": ""a"", ""q2-4"": ""a"", ""q2-5"": ""a"", ""q2-6"": ""a"", ""q2-7"": ""a"", ""q2-8"": ""a"", ""q2-9"": ""a"", ""q2-10"": ""a""}",31128,62493
74,2026-03-01T04:33:42.105710,zl_sc,30,女,本科,东郊,/home/ubuntu/workspace/image_voting_system/all_images/东郊_mj.jpg,mj,A,42220,"{""q1-2"": ""a"", ""q1-1"": ""A"", ""q2-1"": ""a"", ""q2-2"": ""a"", ""q2-3"": ""b"", ""q2-4"": ""b"", ""q2-5"": ""a"", ""q2-6"": ""b"", ""q2-7"": ""d"", ""q2-8"": ""b"", ""q2-9"": ""a"", ""q2-10"": ""b""}",98738,140958
75,2026-03-01T04:33:59.647227,zl_syd,30,女,本科,瑶瑟怨,/home/ubuntu/workspace/image_voting_system/all_images/瑶瑟怨_seedream.jpg,seedream,A,47462,"{""q1-2"": ""b"", ""q1-1"": ""A"", ""q2-1"": ""a"", ""q2-2"": ""a"", ""q2-3"": ""a"", ""q2-4"": ""a"", ""q2-5"": ""a"", ""q2-6"": ""a"", ""q2-7"": ""a"", ""q2-8"": ""a"", ""q2-9"": ""b"", ""q2-10"": ""c""}",82164,129626
76,2026-03-01T04:34:56.714605,zl_zk,30,女,本科,岁暮归南山,/home/ubuntu/workspace/image_voting_system/all_images/岁暮归南山_seedream.jpg,seedream,B,49824,"{""q1-2"": ""a"", ""q1-1"": ""B"", ""q2-1"": ""a"", ""q2-2"": ""a"", ""q2-3"": ""a"", ""q2-4"": ""a"", ""q2-5"": ""a"", ""q2-6"": ""a"", ""q2-7"": ""a"", ""q2-8"": ""a"", ""q2-9"": ""a"", ""q2-10"": ""b""}",39205,89029
77,2026-03-01T04:35:20.892226,zl_zl,33,男,硕士,泊秦淮,/home/ubuntu/workspace/image_voting_system/all_images/泊秦淮_mj.jpg,mj,B,69279,"{""q1-2"": ""c"", ""q1-1"": ""B"", ""q2-1"": ""a"", ""q2-2"": ""c"", ""q2-3"": ""a"", ""q2-4"": ""b"", ""q2-5"": ""a"", ""q2-6"": ""c"", ""q2-7"": ""a"", ""q2-8"": ""a"", ""q2-9"": ""a"", ""q2-10"": ""e""}",125072,194351
78,2026-03-01T04:37:53.880932,zl_sc,30,女,本科,岁暮归南山,/home/ubuntu/workspace/image_voting_system/all_images/岁暮归南山_seedream.jpg,seedream,B,38779,"{""q1-2"": ""a"", ""q1-1"": ""B"", ""q2-1"": ""a"", ""q2-2"": ""b"", ""q2-3"": ""b"", ""q2-4"": ""b"", ""q2-5"": ""b"", ""q2-6"": ""b"", ""q2-7"": ""a"", ""q2-8"": ""a"", ""q2-9"": ""b"", ""q2-10"": ""c""}",212996,251775
79,2026-03-01T04:39:35.346798,zl_syd,30,女,本科,和张仆射塞下曲·其四,/home/ubuntu/workspace/image_voting_system/all_images/和张仆射塞下曲·其四_mj.jpg,mj,B,142496,"{""q1-2"": ""b"", ""q1-1"": ""B"", ""q2-1"": ""a"", ""q2-2"": ""a"", ""q2-3"": ""a"", ""q2-4"": ""a"", ""q2-5"": ""a"", ""q2-6"": ""a"", ""q2-7"": ""a"", ""q2-8"": ""b"", ""q2-9"": ""b"", ""q2-10"": ""b""}",193204,335700
80,2026-03-01T04:40:35.602287,zl_zl,33,男,硕士,行路难·其一,/home/ubuntu/workspace/image_voting_system/all_images/行路难·其一_nano.jpg,nano,A,83078,"{""q1-2"": ""b"", ""q1-1"": ""A"", ""q2-1"": ""a"", ""q2-2"": ""a"", ""q2-3"": ""a"", ""q2-4"": ""a"", ""q2-5"": ""a"", ""q2-6"": ""a"", ""q2-7"": ""a"", ""q2-8"": ""a"", ""q2-9"": ""a"", ""q2-10"": ""b""}",231632,314710
81,2026-03-01T04:41:18.563017,zl_sc,30,女,本科,送梓州李使君,/home/ubuntu/workspace/image_voting_system/all_images/送梓州李使君_gpt.jpg,gpt,C,45592,"{""q1-2"": ""b"", ""q1-1"": ""C"", ""q2-1"": ""a"", ""q2-2"": ""b"", ""q2-3"": ""c"", ""q2-4"": ""b"", ""q2-5"": ""b"", ""q2-6"": ""c"", ""q2-7"": ""a"", ""q2-8"": ""a"", ""q2-9"": ""b"", ""q2-10"": ""c""}",159090,204682
82,2026-03-01T04:42:32.382523,zl_zk,30,女,本科,赋得古原草送别,/home/ubuntu/workspace/image_voting_system/all_images/赋得古原草送别_mj.jpg,mj,D,112632,"{""q1-2"": ""b"", ""q1-1"": ""D"", ""q2-1"": ""a"", ""q2-2"": ""a"", ""q2-3"": ""a"", ""q2-4"": ""b"", ""q2-5"": ""a"", ""q2-6"": ""b"", ""q2-7"": ""a"", ""q2-8"": ""a"", ""q2-9"": ""a"", ""q2-10"": ""c""}",111669,224301
83,2026-03-01T04:43:00.975311,zl_syd,30,女,本科,贼退示官吏,/home/ubuntu/workspace/image_voting_system/all_images/贼退示官吏_nano.jpg,nano,A,101733,"{""q1-2"": ""b"", ""q1-1"": ""D"", ""q2-1"": ""a"", ""q2-2"": ""a"", ""q2-3"": ""a"", ""q2-4"": ""a"", ""q2-5"": ""a"", ""q2-6"": ""b"", ""q2-7"": ""a"", ""q2-8"": ""a"", ""q2-9"": ""a"", ""q2-10"": ""b""}",103896,205629
84,2026-03-01T04:43:02.195554,zl_zl,33,男,硕士,贼退示官吏,/home/ubuntu/workspace/image_voting_system/all_images/贼退示官吏_nano.jpg,nano,B,76985,"{""q1-2"": ""c"", ""q1-1"": ""D"", ""q2-1"": ""a"", ""q2-2"": ""a"", ""q2-3"": ""a"", ""q2-4"": ""b"", ""q2-5"": ""a"", ""q2-6"": ""c"", ""q2-7"": ""a"", ""q2-8"": ""a"", ""q2-9"": ""a"", ""q2-10"": ""b""}",69609,146594
85,2026-03-01T04:43:29.766611,zl_sc,30,女,本科,送李中丞之襄州,/home/ubuntu/workspace/image_voting_system/all_images/送李中丞之襄州_mj.jpg,mj,D,39906,"{""q1-2"": ""c"", ""q1-1"": ""B"", ""q2-1"": ""a"", ""q2-2"": ""b"", ""q2-3"": ""c"", ""q2-4"": ""d"", ""q2-5"": ""d"", ""q2-6"": ""d"", ""q2-7"": ""c"", ""q2-8"": ""a"", ""q2-9"": ""b"", ""q2-10"": ""d""}",91298,131204
86,2026-03-01T04:45:06.885762,zl_syd,30,女,本科,琴歌,/home/ubuntu/workspace/image_voting_system/all_images/琴歌_mj.jpg,mj,C,54039,"{""q1-2"": ""c"", ""q1-1"": ""C"", ""q2-1"": ""a"", ""q2-2"": ""c"", ""q2-3"": ""a"", ""q2-4"": ""b"", ""q2-5"": ""a"", ""q2-6"": ""c"", ""q2-7"": ""c"", ""q2-8"": ""a"", ""q2-9"": ""b"", ""q2-10"": ""c""}",71871,125910
87,2026-03-01T04:45:08.266801,zl_zl,33,男,硕士,金陵酒肆留别,/home/ubuntu/workspace/image_voting_system/all_images/金陵酒肆留别_mj.jpg,mj,B,55122,"{""q1-2"": ""d"", ""q1-1"": ""B"", ""q2-1"": ""a"", ""q2-2"": ""a"", ""q2-3"": ""b"", ""q2-4"": ""b"", ""q2-5"": ""b"", ""q2-6"": ""c"", ""q2-7"": ""a"", ""q2-8"": ""a"", ""q2-9"": ""a"", ""q2-10"": ""c""}",70949,126071
88,2026-03-01T04:45:51.031982,zl_sc,30,女,本科,秋夕,/home/ubuntu/workspace/image_voting_system/all_images/秋夕_gpt.jpg,gpt,A,36212,"{""q1-2"": ""b"", ""q1-1"": ""A"", ""q2-1"": ""a"", ""q2-2"": ""a"", ""q2-3"": ""b"", ""q2-4"": ""b"", ""q2-5"": ""b"", ""q2-6"": ""b"", ""q2-7"": ""b"", ""q2-8"": ""a"", ""q2-9"": ""b"", ""q2-10"": ""c""}",105053,141265
89,2026-03-01T04:47:51.498862,zl_syd,30,女,本科,凉州词,/home/ubuntu/workspace/image_voting_system/all_images/凉州词_nano.jpg,nano,D,38934,"{""q1-2"": ""c"", ""q1-1"": ""D"", ""q2-1"": ""a"", ""q2-2"": ""b"", ""q2-3"": ""a"", ""q2-4"": ""b"", ""q2-5"": ""a"", ""q2-6"": ""d"", ""q2-7"": ""b"", ""q2-8"": ""a"", ""q2-9"": ""b"", ""q2-10"": ""b""}",125679,164613
90,2026-03-01T04:48:40.835222,zl_zl,33,男,硕士,洛阳女儿行,/home/ubuntu/workspace/image_voting_system/all_images/洛阳女儿行_mj.jpg,mj,D,80497,"{""q1-2"": ""c"", ""q1-1"": ""D"", ""q2-1"": ""c"", ""q2-2"": ""c"", ""q2-3"": ""c"", ""q2-4"": ""b"", ""q2-5"": ""d"", ""q2-6"": ""c"", ""q2-7"": ""b"", ""q2-8"": ""d"", ""q2-9"": ""a"", ""q2-10"": ""e""}",132071,212568
91,2026-03-01T04:48:43.684736,zl_zk,30,女,本科,寄令狐郎中,/home/ubuntu/workspace/image_voting_system/all_images/寄令狐郎中_seedream.jpg,seedream,C,38544,"{""q1-2"": ""a"", ""q1-1"": ""C"", ""q2-1"": ""a"", ""q2-2"": ""a"", ""q2-3"": ""a"", ""q2-4"": ""a"", ""q2-5"": ""a"", ""q2-6"": ""a"", ""q2-7"": ""a"", ""q2-8"": ""a"", ""q2-9"": ""a"", ""q2-10"": ""b""}",51614,90158
92,2026-03-01T04:49:06.838549,zl_syd,30,女,本科,终南别业,/home/ubuntu/workspace/image_voting_system/all_images/终南别业_nano.jpg,nano,B,33143,"{""q1-2"": ""a"", ""q1-1"": ""B"", ""q2-1"": ""a"", ""q2-2"": ""a"", ""q2-3"": ""a"", ""q2-4"": ""a"", ""q2-5"": ""a"", ""q2-6"": ""a"", ""q2-7"": ""a"", ""q2-8"": ""a"", ""q2-9"": ""a"", ""q2-10"": ""a""}",42197,75340
93,2026-03-01T04:49:59.645076,zl_sc,30,女,本科,赠卫八处士,/home/ubuntu/workspace/image_voting_system/all_images/赠卫八处士_nano.jpg,nano,C,114125,"{""q1-2"": ""b"", ""q1-1"": ""C"", ""q2-1"": ""a"", ""q2-2"": ""b"", ""q2-3"": ""b"", ""q2-4"": ""c"", ""q2-5"": ""c"", ""q2-6"": ""c"", ""q2-7"": ""b"", ""q2-8"": ""a"", ""q2-9"": ""b"", ""q2-10"": ""c""}",134488,248613
94,2026-03-01T04:50:34.816231,zl_zk,30,女,本科,利州南渡,/home/ubuntu/workspace/image_voting_system/all_images/利州南渡_mj.jpg,mj,D,56074,"{""q1-2"": ""a"", ""q1-1"": ""D"", ""q2-1"": ""a"", ""q2-2"": ""b"", ""q2-3"": ""a"", ""q2-4"": ""a"", ""q2-5"": ""a"", ""q2-6"": ""a"", ""q2-7"": ""a"", ""q2-8"": ""a"", ""q2-9"": ""a"", ""q2-10"": ""b""}",55057,111131
95,2026-03-01T04:51:13.890632,zl_syd,30,女,本科,登岳阳楼,/home/ubuntu/workspace/image_voting_system/all_images/登岳阳楼_seedream.jpg,seedream,A,46759,"{""q1-2"": ""e"", ""q1-1"": ""A"", ""q2-1"": ""a"", ""q2-2"": ""a"", ""q2-3"": ""a"", ""q2-4"": ""a"", ""q2-5"": ""a"", ""q2-6"": ""c"", ""q2-7"": ""a"", ""q2-8"": ""a"", ""q2-9"": ""a"", ""q2-10"": ""b""}",80293,127052
96,2026-03-01T04:52:15.966226,zl_zl,33,男,硕士,感遇十二首·其四,/home/ubuntu/workspace/image_voting_system/all_images/感遇十二首·其四_mj.jpg,mj,D,74877,"{""q1-2"": ""c"", ""q1-1"": ""D"", ""q2-1"": ""a"", ""q2-2"": ""a"", ""q2-3"": ""a"", ""q2-4"": ""b"", ""q2-5"": ""d"", ""q2-6"": ""c"", ""q2-7"": ""a"", ""q2-8"": ""d"", ""q2-9"": ""a"", ""q2-10"": ""d""}",140254,215131
97,2026-03-01T04:52:36.950955,zl_syd,30,女,本科,夜雨寄北,/home/ubuntu/workspace/image_voting_system/all_images/夜雨寄北_gpt.jpg,gpt,A,55518,"{""q1-2"": ""a"", ""q1-1"": ""A"", ""q2-1"": ""a"", ""q2-2"": ""a"", ""q2-3"": ""a"", ""q2-4"": ""a"", ""q2-5"": ""a"", ""q2-6"": ""a"", ""q2-7"": ""a"", ""q2-8"": ""a"", ""q2-9"": ""a"", ""q2-10"": ""b""}",27542,83060
98,2026-03-01T04:52:56.713254,zl_zk,30,女,本科,送杨氏女,/home/ubuntu/workspace/image_voting_system/all_images/送杨氏女_mj.jpg,mj,B,103348,"{""q1-2"": ""a"", ""q1-1"": ""B"", ""q2-1"": ""a"", ""q2-2"": ""a"", ""q2-3"": ""a"", ""q2-4"": ""a"", ""q2-5"": ""a"", ""q2-6"": ""b"", ""q2-7"": ""a"", ""q2-8"": ""b"", ""q2-9"": ""a"", ""q2-10"": ""b""}",38549,141897
99,2026-03-01T04:53:44.695021,zl_sc,30,女,本科,遣怀,/home/ubuntu/workspace/image_voting_system/all_images/遣怀_gpt.jpg,gpt,D,110704,"{""q1-2"": ""b"", ""q1-1"": ""B"", ""q2-1"": ""a"", ""q2-2"": ""a"", ""q2-3"": ""c"", ""q2-4"": ""b"", ""q2-5"": ""b"", ""q2-6"": ""c"", ""q2-7"": ""a"", ""q2-8"": ""a"", ""q2-9"": ""a"", ""q2-10"": ""c""}",114346,225050
100,2026-03-01T04:54:11.786587,zl_zl,33,男,硕士,奉济驿重送严公四韵,/home/ubuntu/workspace/image_voting_system/all_images/奉济驿重送严公四韵_mj.jpg,mj,C,60859,"{""q1-2"": ""b"", ""q1-1"": ""C"", ""q2-1"": ""a"", ""q2-2"": ""a"", ""q2-3"": ""a"", ""q2-4"": ""a"", ""q2-5"": ""a"", ""q2-6"": ""c"", ""q2-7"": ""a"", ""q2-8"": ""a"", ""q2-9"": ""a"", ""q2-10"": ""b""}",54962,115821
101,2026-03-01T05:20:02.282632,高大王,32,女,硕士,同题仙游观,/home/ubuntu/workspace/image_voting_system/all_images/同题仙游观_gpt.jpg,gpt,A,132652,"{""q1-2"": ""c"", ""q1-1"": ""A"", ""q2-1"": ""a"", ""q2-2"": ""b"", ""q2-3"": ""b"", ""q2-4"": ""b"", ""q2-5"": ""a"", ""q2-6"": ""c"", ""q2-7"": ""a"", ""q2-8"": ""a"", ""q2-9"": ""b"", ""q2-10"": ""c""}",189729,322381
102,2026-03-01T05:22:43.007296,高大王,32,女,硕士,宿建德江,/home/ubuntu/workspace/image_voting_system/all_images/宿建德江_mj.jpg,mj,A,122773,"{""q1-2"": ""a"", ""q1-1"": ""A"", ""q2-1"": ""a"", ""q2-2"": ""a"", ""q2-3"": ""a"", ""q2-4"": ""a"", ""q2-5"": ""a"", ""q2-6"": ""c"", ""q2-7"": ""a"", ""q2-8"": ""d"", ""q2-9"": ""a"", ""q2-10"": ""b""}",37951,160724
103,2026-03-01T05:30:49.699114,高大王,32,女,硕士,蜀先主庙,/home/ubuntu/workspace/image_voting_system/all_images/蜀先主庙_mj.jpg,mj,C,202770,"{""q1-2"": ""c"", ""q1-1"": ""C"", ""q2-1"": ""a"", ""q2-2"": ""b"", ""q2-3"": ""b"", ""q2-4"": ""b"", ""q2-5"": ""d"", ""q2-6"": ""c"", ""q2-7"": ""a"", ""q2-8"": ""b"", ""q2-9"": ""b"", ""q2-10"": ""e""}",283922,486692
104,2026-03-01T05:33:23.807060,高大王,32,女,硕士,宣州谢朓楼饯别校书叔云,/home/ubuntu/workspace/image_voting_system/all_images/宣州谢朓楼饯别校书叔云_mj.jpg,mj,C,75565,"{""q1-2"": ""d"", ""q1-1"": ""D"", ""q2-1"": ""a"", ""q2-2"": ""c"", ""q2-3"": ""b"", ""q2-4"": ""b"", ""q2-5"": ""b"", ""q2-6"": ""d"", ""q2-7"": ""a"", ""q2-8"": ""d"", ""q2-9"": ""b"", ""q2-10"": ""d""}",78543,154108
105,2026-03-01T05:34:32.832964,高大王,32,女,硕士,锦瑟,/home/ubuntu/workspace/image_voting_system/all_images/锦瑟_seedream.jpg,seedream,D,41688,"{""q1-2"": ""a"", ""q1-1"": ""D"", ""q2-1"": ""a"", ""q2-2"": ""a"", ""q2-3"": ""a"", ""q2-4"": ""a"", ""q2-5"": ""a"", ""q2-6"": ""c"", ""q2-7"": ""a"", ""q2-8"": ""a"", ""q2-9"": ""a"", ""q2-10"": ""b""}",27338,69026
106,2026-03-01T05:36:57.773563,高大王,32,女,硕士,酬郭给事,/home/ubuntu/workspace/image_voting_system/all_images/酬郭给事_seedream.jpg,seedream,B,58092,"{""q1-2"": ""c"", ""q1-1"": ""B"", ""q2-1"": ""a"", ""q2-2"": ""a"", ""q2-3"": ""a"", ""q2-4"": ""c"", ""q2-5"": ""a"", ""q2-6"": ""c"", ""q2-7"": ""a"", ""q2-8"": ""a"", ""q2-9"": ""a"", ""q2-10"": ""c""}",86849,144941
107,2026-03-01T05:40:42.933115,高大王,32,女,硕士,登楼,/home/ubuntu/workspace/image_voting_system/all_images/登楼_seedream.jpg,seedream,B,23306,"{""q1-2"": ""e"", ""q1-1"": ""B"", ""q2-1"": ""a"", ""q2-2"": ""a"", ""q2-3"": ""a"", ""q2-4"": ""b"", ""q2-5"": ""a"", ""q2-6"": ""d"", ""q2-7"": ""a"", ""q2-8"": ""a"", ""q2-10"": ""c"", ""q2-9"": ""a""}",201853,225159
108,2026-03-01T05:42:04.126863,LuoLuo,30,男,硕士,回乡偶书,/home/ubuntu/workspace/image_voting_system/all_images/回乡偶书_mj.jpg,mj,C,25413,"{""q1-2"": ""c"", ""q1-1"": ""C"", ""q2-1"": ""a"", ""q2-2"": ""c"", ""q2-3"": ""b"", ""q2-4"": ""d"", ""q2-5"": ""e"", ""q2-6"": ""e"", ""q2-7"": ""c"", ""q2-8"": ""b"", ""q2-9"": ""c"", ""q2-10"": ""e""}",151610,177023
109,2026-03-01T05:42:48.812630,高大王,32,女,硕士,宿业师山房期丁大不至,/home/ubuntu/workspace/image_voting_system/all_images/宿业师山房期丁大不至_mj.jpg,mj,D,29524,"{""q1-2"": ""d"", ""q1-1"": ""D"", ""q2-1"": ""a"", ""q2-2"": ""c"", ""q2-3"": ""b"", ""q2-4"": ""c"", ""q2-5"": ""d"", ""q2-6"": ""c"", ""q2-7"": ""c"", ""q2-8"": ""d"", ""q2-9"": ""c"", ""q2-10"": ""e""}",96356,125880
110,2026-03-01T05:44:27.488090,高大王,32,女,硕士,无题·来是空言去绝踪,/home/ubuntu/workspace/image_voting_system/all_images/无题·来是空言去绝踪_mj.jpg,mj,D,20997,"{""q1-2"": ""d"", ""q1-1"": ""C"", ""q2-1"": ""a"", ""q2-2"": ""b"", ""q2-3"": ""b"", ""q2-4"": ""d"", ""q2-5"": ""d"", ""q2-6"": ""c"", ""q2-7"": ""b"", ""q2-8"": ""a"", ""q2-9"": ""b"", ""q2-10"": ""e""}",77678,98675
111,2026-03-01T05:52:58.659425,whu,31,男,硕士,送灵澈上人,/home/ubuntu/workspace/image_voting_system/all_images/送灵澈上人_mj.jpg,mj,C,51564,"{""q1-2"": ""d"", ""q1-1"": ""C"", ""q2-1"": ""a"", ""q2-2"": ""a"", ""q2-3"": ""a"", ""q2-4"": ""c"", ""q2-5"": ""c"", ""q2-6"": ""d"", ""q2-7"": ""b"", ""q2-8"": ""d"", ""q2-9"": ""c"", ""q2-10"": ""e""}",71630,123194
112,2026-03-01T05:57:51.692546,whu,31,男,硕士,寄韩谏议注,/home/ubuntu/workspace/image_voting_system/all_images/寄韩谏议注_seedream.jpg,seedream,D,163642,"{""q1-2"": ""e"", ""q1-1"": ""D"", ""q2-1"": ""a"", ""q2-2"": ""a"", ""q2-3"": ""b"", ""q2-4"": ""b"", ""q2-5"": ""b"", ""q2-6"": ""b"", ""q2-7"": ""a"", ""q2-8"": ""d"", ""q2-9"": ""a"", ""q2-10"": ""d""}",129391,293033
113,2026-03-01T06:00:06.183300,whu,31,男,硕士,岁暮归南山,/home/ubuntu/workspace/image_voting_system/all_images/岁暮归南山_mj.jpg,mj,B,55580,"{""q1-2"": ""d"", ""q1-1"": ""B"", ""q2-1"": ""a"", ""q2-2"": ""b"", ""q2-3"": ""a"", ""q2-4"": ""c"", ""q2-5"": ""c"", ""q2-6"": ""d"", ""q2-7"": ""a"", ""q2-8"": ""b"", ""q2-9"": ""a"", ""q2-10"": ""d""}",78910,134490
114,2026-03-01T06:01:43.018317,whu,31,男,硕士,春泛若耶溪,/home/ubuntu/workspace/image_voting_system/all_images/春泛若耶溪_mj.jpg,mj,C,61404,"{""q1-2"": ""d"", ""q1-1"": ""C"", ""q2-1"": ""a"", ""q2-2"": ""b"", ""q2-3"": ""b"", ""q2-4"": ""c"", ""q2-5"": ""c"", ""q2-6"": ""c"", ""q2-7"": ""a"", ""q2-8"": ""d"", ""q2-9"": ""c"", ""q2-10"": ""e""}",35431,96835
115,2026-03-01T06:03:33.268572,whu,31,男,硕士,寄左省杜拾遗,/home/ubuntu/workspace/image_voting_system/all_images/寄左省杜拾遗_mj.jpg,mj,B,46098,"{""q1-2"": ""c"", ""q1-1"": ""B"", ""q2-1"": ""b"", ""q2-2"": ""b"", ""q2-3"": ""a"", ""q2-4"": ""d"", ""q2-5"": ""d"", ""q2-6"": ""d"", ""q2-7"": ""b"", ""q2-8"": ""b"", ""q2-9"": ""c"", ""q2-10"": ""e""}",64153,110251
116,2026-03-01T06:04:54.990144,whu,31,男,硕士,游子吟,/home/ubuntu/workspace/image_voting_system/all_images/游子吟_mj.jpg,mj,C,11123,"{""q1-2"": ""c"", ""q1-1"": ""C"", ""q2-1"": ""a"", ""q2-2"": ""a"", ""q2-3"": ""a"", ""q2-4"": ""c"", ""q2-5"": ""e"", ""q2-6"": ""d"", ""q2-7"": ""c"", ""q2-8"": ""a"", ""q2-9"": ""c"", ""q2-10"": ""d""}",70598,81721
117,2026-03-01T06:07:11.287347,whu,31,男,硕士,夏日南亭怀辛大,/home/ubuntu/workspace/image_voting_system/all_images/夏日南亭怀辛大_mj.jpg,mj,B,66533,"{""q1-2"": ""c"", ""q1-1"": ""B"", ""q2-1"": ""a"", ""q2-2"": ""a"", ""q2-3"": ""a"", ""q2-4"": ""b"", ""q2-5"": ""a"", ""q2-6"": ""b"", ""q2-7"": ""b"", ""q2-8"": ""d"", ""q2-9"": ""c"", ""q2-10"": ""c""}",69765,136298
118,2026-03-01T06:09:36.713431,whu,31,男,硕士,归嵩山作,/home/ubuntu/workspace/image_voting_system/all_images/归嵩山作_mj.jpg,mj,D,87204,"{""q1-2"": ""b"", ""q1-1"": ""B"", ""q2-1"": ""a"", ""q2-2"": ""a"", ""q2-3"": ""a"", ""q2-4"": ""c"", ""q2-5"": ""b"", ""q2-6"": ""c"", ""q2-7"": ""a"", ""q2-8"": ""a"", ""q2-9"": ""b"", ""q2-10"": ""c""}",58222,145426
119,2026-03-01T06:10:32.106365,whu,31,男,硕士,塞下曲·月黑雁飞高,/home/ubuntu/workspace/image_voting_system/all_images/塞下曲·月黑雁飞高_mj.jpg,mj,C,17285,"{""q1-2"": ""c"", ""q1-1"": ""C"", ""q2-1"": ""a"", ""q2-2"": ""b"", ""q2-3"": ""a"", ""q2-4"": ""c"", ""q2-5"": ""b"", ""q2-6"": ""c"", ""q2-7"": ""b"", ""q2-8"": ""a"", ""q2-9"": ""b"", ""q2-10"": ""d""}",38107,55392
120,2026-03-01T06:12:01.449240,whu,31,男,硕士,和贾舍人早朝大明宫之作,/home/ubuntu/workspace/image_voting_system/all_images/和贾舍人早朝大明宫之作_mj.jpg,mj,D,11284,"{""q1-2"": ""d"", ""q1-1"": ""D"", ""q2-1"": ""a"", ""q2-2"": ""b"", ""q2-3"": ""a"", ""q2-4"": ""d"", ""q2-5"": ""b"", ""q2-6"": ""c"", ""q2-7"": ""b"", ""q2-8"": ""b"", ""q2-9"": ""c"", ""q2-10"": ""e""}",78045,89329
121,2026-03-01T06:14:26.543464,whu,31,男,硕士,征怨,/home/ubuntu/workspace/image_voting_system/all_images/征怨_mj.jpg,mj,B,107256,"{""q1-2"": ""d"", ""q1-1"": ""B"", ""q2-1"": ""a"", ""q2-2"": ""b"", ""q2-3"": ""a"", ""q2-4"": ""d"", ""q2-5"": ""c"", ""q2-6"": ""c"", ""q2-7"": ""a"", ""q2-8"": ""d"", ""q2-9"": ""b"", ""q2-10"": ""e""}",37853,145109
122,2026-03-01T06:15:45.055839,whu,31,男,硕士,望月怀远,/home/ubuntu/workspace/image_voting_system/all_images/望月怀远_seedream.jpg,seedream,A,34193,"{""q1-2"": ""a"", ""q1-1"": ""A"", ""q2-1"": ""a"", ""q2-2"": ""a"", ""q2-3"": ""a"", ""q2-4"": ""b"", ""q2-5"": ""a"", ""q2-6"": ""b"", ""q2-7"": ""a"", ""q2-8"": ""a"", ""q2-9"": ""a"", ""q2-10"": ""c""}",44319,78512
123,2026-03-01T06:19:57.240570,whu,31,男,硕士,隋宫·紫泉宫殿锁烟霞,/home/ubuntu/workspace/image_voting_system/all_images/隋宫·紫泉宫殿锁烟霞_seedream.jpg,seedream,D,8988,"{""q1-2"": ""e"", ""q1-1"": ""D"", ""q2-1"": ""a"", ""q2-2"": ""a"", ""q2-3"": ""a"", ""q2-4"": ""a"", ""q2-5"": ""a"", ""q2-6"": ""c"", ""q2-7"": ""a"", ""q2-8"": ""d"", ""q2-9"": ""a"", ""q2-10"": ""b""}",243197,252185
