user_id,user_age,user_gender,user_education,user_limit,created_at,seen_titles,seen_paths
*,46,女,大专,,2026-01-30T07:35:49.591320,,
1,50,女,大专,,2026-01-30T05:55:02.512232,,
123,30,男,硕士,,2026-02-03T12:02:45.955220,,
66,31,女,硕士,,2026-01-30T04:21:02.280732,"[""渡汉江"", ""听蜀僧濬弹琴""]",[]
Addison,33,女,硕士,,2026-01-28T06:15:00.681352,"[""清明日宴梅道士房"", ""月夜·今夜鄜州月"", ""宿桐庐江寄广陵旧游""]",[]
Asx,18,男,本科,,2026-01-30T14:03:14.304712,,
Boning,29,女,博士,,2026-01-27T03:21:26.931916,"[""咏怀古迹五首·其五""]",[]
Gassa,39,男,博士,,2026-01-30T05:00:41.777854,,
J,30,女,大专,15,2026-01-30T05:54:34.519732,"[""春宫怨"", ""行宫"", ""早寒江上有怀"", ""赠卫八处士"", ""宫词·长乐宫连上苑春""]",[]
Jessica高大人,31,女,硕士,,2026-01-30T05:42:48.241013,"[""寒食""]",[]
Jones,45,男,本科,,2026-01-30T21:34:57.409099,"[""马嵬坡"", ""集灵台·其一"", ""月夜·更深月色半人家""]",[]
Lee,50,女,本科,,2026-01-30T12:40:47.147260,"[""赠孟浩然""]",[]
Libra,35,女,本科,,2026-01-30T06:35:17.840404,,
Look,50,男,博士,,2026-01-30T14:02:09.989567,,
Luke s,32,女,高中,,2026-01-30T06:32:11.076225,"[""寄韩谏议注"", ""清平调·其一"", ""行路难·其三"", ""咏怀古迹五首·其五"", ""送方外上人"", ""别房太尉墓"", ""早发白帝城"", ""赋得古原草送别"", ""送李少府贬峡中王少府贬长沙""]",[]
MIKE,29,男,小学,,2026-01-30T09:20:09.296788,"[""寄韩谏议注""]",[]
Remus,28,男,博士,,2026-01-30T04:22:29.830317,"[""石鼓歌""]",[]
RemusLi,29,男,博士,,2026-01-30T04:37:37.701766,"[""行经华山"", ""长安遇冯著""]",[]
SL,57,女,大专,30,2026-01-30T09:52:33.624736,"[""旅夜书怀"", ""郡斋雨中与诸文士燕集"", ""长干曲四首·其二"", ""赠阙下裴舍人"", ""无题·飒飒东风细雨来"", ""长恨歌"", ""遣悲怀三首·其一"", ""过香积寺"", ""送灵澈上人"", ""春思·燕草如碧丝"", ""塞下曲·月黑雁飞高"", ""寻西山隐者不遇"", ""古柏行"", ""李端公""]",[]
SY,28,其他,博士,,2026-01-30T09:52:23.809536,"[""灞上秋居""]",[]
Sl,57,女,大专,,2026-02-01T11:45:34.632210,"[""望月怀远"", ""月下独酌·其一"", ""陇西行四首·其二""]",[]
Ss,30,女,本科,,2026-01-30T05:40:05.670910,,
Star-小幸运,38,女,大专,,2026-01-30T05:56:48.507296,"[""夜雨寄北""]",[]
Y,39,男,本科,,2026-01-30T08:36:13.896966,"[""咏怀古迹五首·其三""]",[]
YF,40,女,本科,,2026-01-30T08:31:49.201343,"[""凉思"", ""别房太尉墓""]",[]
YU,41,女,硕士,,2026-01-30T12:40:59.242100,"[""听筝"", ""闻官军收河南河北"", ""蜀先主庙"", ""渡荆门送别"", ""宿桐庐江寄广陵旧游"", ""章台夜思"", ""乌衣巷"", ""秋夜曲"", ""酬张少府""]",[]
Yi,32,男,硕士,,2026-01-30T06:22:07.002395,,
Ym,30,女,博士,,2026-01-30T05:33:37.591182,"[""送杨氏女"", ""寄扬州韩绰判官"", ""子夜吴歌·秋歌"", ""岁暮归南山"", ""蜀相"", ""赤壁""]",[]
Yolanda,46,女,本科,,2026-01-30T04:55:13.969104,"[""和乐天春词""]",[]
Y。,39,男,本科,,2026-01-30T08:33:12.581923,,
Zhiyu,32,男,博士,,2026-01-30T05:34:40.152981,"[""送陈章甫"", ""筹笔驿"", ""送人东游"", ""辋川闲居赠裴秀才迪"", ""淮上喜会梁州故人""]",[]
Zmd,29,女,博士,,2026-01-30T22:04:47.070555,"[""竹里馆""]",[]
bbb,27,女,博士,,2026-01-30T13:45:20.775344,,
beauty,32,女,本科,,2026-01-30T05:57:58.810452,"[""宿建德江""]",[]
burning,30,男,博士,,2026-01-30T05:39:57.009515,,
bxkkkkk,27,女,博士,,2026-01-30T20:09:50.938160,"[""寄左省杜拾遗"", ""后宫词"", ""西塞山怀古"", ""老将行"", ""登乐游原"", ""燕歌行·并序"", ""渔翁"", ""春雨""]",[]
bxy,53,女,本科,,2026-01-30T22:12:44.747751,,
coco,18,女,高中,,2026-02-03T12:03:52.601954,"[""送綦毋潜落第还乡"", ""赠卫八处士""]",[]
drx,26,女,本科,,2026-01-30T05:02:56.427451,,
eddy,30,男,硕士,,2026-01-30T04:12:34.033366,,
edgzmjjkk,20,男,大专,,2026-01-30T06:00:17.415470,,
jjjjjjj,35,男,硕士,,2026-01-30T06:04:33.729148,,
jm,20,男,博士,,2026-01-30T17:20:03.983018,,
js,26,男,大专,,2026-02-04T02:31:04.573451,"[""阁夜""]","[{""p"": ""/home/ubuntu/workspace/image_voting_system/all_images/金陵酒肆留别_gpt.jpg"", ""at"": ""2026-02-04T02:31:25.369391""}]"
kaka,44,男,本科,,2026-01-31T01:26:27.999471,"[""金缕衣""]",[]
leo,30,男,硕士,,2026-01-30T04:38:52.855533,,
lew,42,女,本科,,2026-01-30T05:55:43.053124,,
ljh,30,男,小学,,2026-02-01T06:07:29.540197,,
lp,19,男,高中,,2026-01-30T09:48:27.738991,"[""自夏口至鹦鹉洲夕望岳阳寄源中丞""]",[]
lucky,46,女,硕士,,2026-01-30T13:04:33.349958,"[""苏武庙""]",[]
luke,33,女,高中,,2026-01-30T06:20:57.983369,"[""汉江临泛"", ""月夜·更深月色半人家"", ""将赴吴兴登乐游原一绝"", ""黄鹤楼送孟浩然之广陵""]",[]
luo,29,男,硕士,,2026-01-27T03:06:58.038977,"[""杂诗三首·其二""]",[]
peter,30,男,硕士,,2026-01-30T05:38:06.337468,,
pp,32,女,博士,,2026-01-30T05:39:21.813886,"[""琴歌"", ""听蜀僧濬弹琴""]",[]
rena,50,女,本科,,2026-01-30T13:07:49.110191,,
s,24,男,硕士,,2026-01-30T04:15:14.666784,"[""酬张少府""]",[]
sat,43,男,硕士,,2026-01-30T13:07:08.838178,"[""渔翁""]",[]
sg,35,男,本科,,2026-01-31T09:13:16.828013,,
shuow,31,女,博士,15,2026-01-29T04:57:21.757320,"[""初发扬子寄元大校书"", ""无题二首·其一"", ""终南望余雪"", ""听筝"", ""楚江怀古三首·其一"", ""宿王昌龄隐居""]",[]
tangx,29,女,硕士,,2026-01-30T05:09:00.114367,"[""金谷园""]",[]
tr,40,男,硕士,,2026-01-30T13:39:33.077297,,
tt,33,男,硕士,,2026-01-30T14:14:36.858652,,
uwithpz,18,男,本科,,2026-01-31T00:59:15.571497,"[""闻官军收河南河北"", ""阁夜"", ""无题·重帏深下莫愁堂"", ""清平调·其一"", ""韦讽录事宅观曹将军画马图"", ""春泛若耶溪"", ""旅宿"", ""子夜吴歌·冬歌"", ""长相思·其二""]",[]
whu,31,男,硕士,20,2026-01-27T02:59:42.602214,"[""宿业师山房期丁大不至"", ""遣怀"", ""早秋三首·其一"", ""渭川田家"", ""风雨"", ""春怨·纱窗日落渐黄昏"", ""兵车行"", ""晚次鄂州"", ""九日登望仙台呈刘明府""]","[{""p"": ""/home/ubuntu/workspace/image_voting_system/all_images/行路难·其二_seedream.jpg"", ""at"": ""2026-02-05T05:34:44.806025""}]"
wy,40,女,本科,,2026-01-30T08:02:24.529990,,
xiaolu,40,女,硕士,,2026-01-30T04:56:11.030093,"[""赠别二首·其二""]",[]
yz,28,女,硕士,,2026-01-31T05:49:08.245571,"[""行路难·其三"", ""与高适薛据同登慈恩寺浮图"", ""集灵台·其二""]",[]
y教授,25,女,本科,,2026-01-30T04:51:03.754152,,
zl_azm,100,男,大专,,2026-02-01T04:30:33.745707,"[""渡汉江"", ""八阵图"", ""奉济驿重送严公四韵"", ""无题二首·其一"", ""子夜吴歌·春歌"", ""渭川田家"", ""长安遇冯著"", ""送友人"", ""过故人庄"", ""客夜与故人偶集""]",[]
zl_bt,29,男,硕士,,2026-02-01T04:42:02.665843,"[""和晋陵陆丞早春游望"", ""春怨·纱窗日落渐黄昏"", ""为有"", ""感遇十二首·其二"", ""老将行"", ""乌衣巷"", ""隋宫·乘兴南游不戒严"", ""东郊"", ""咏怀古迹五首·其四""]",[]
zl_ff,26,女,硕士,,2026-02-01T05:52:07.533473,"[""子夜吴歌·夏歌""]",[]
zl_fj,37,男,硕士,,2026-02-01T05:20:12.905413,"[""送人东游"", ""陇西行四首·其二"", ""汉江临泛"", ""宫词·十二楼中尽晓妆"", ""春晓"", ""无题·重帏深下莫愁堂"", ""秦中感秋寄远上人""]",[]
zl_lmm,33,女,博士,,2026-01-30T05:33:20.391319,"[""黄鹤楼"", ""寄全椒山中道士"", ""奉和中书舍人贾至早朝大明宫"", ""遣怀"", ""清平调·其三"", ""寒食"", ""登柳州城楼寄漳汀封连四州""]",[]
zl_nyt,32,女,硕士,,2026-01-30T06:45:55.984817,"[""听筝"", ""隋宫·紫泉宫殿锁烟霞"", ""宿桐庐江寄广陵旧游"", ""庐山谣寄卢侍御虚舟"", ""秋登兰山寄张五"", ""长相思·其一"", ""酬张少府""]",[]
zl_syf,29,女,硕士,,2026-02-01T05:50:45.376834,"[""同从弟南斋玩月忆山阴崔少府"", ""遣悲怀三首·其三"", ""春雨"", ""老将行"", ""将进酒"", ""宿建德江"", ""行宫""]",[]
zl_yl,43,女,硕士,,2026-01-30T05:49:13.383214,"[""梦李白二首·其二"", ""赠别二首·其一"", ""春宿左省"", ""感遇十二首·其七"", ""月夜忆舍弟"", ""淮上喜会梁州故人""]",[]
zl_zcy,35,男,博士,,2026-01-30T06:10:40.607897,"[""清明日宴梅道士房"", ""经邹鲁祭孔子而叹之"", ""过香积寺"", ""登金陵凤凰台"", ""塞下曲·月黑雁飞高"", ""宿建德江"", ""枫桥夜泊"", ""古从军行"", ""滁州西涧""]",[]
zl_zl,33,男,硕士,,2026-02-04T06:10:00.985979,,"[{""p"": ""/home/ubuntu/workspace/image_voting_system/all_images/子夜吴歌·夏歌_seedream.jpg"", ""at"": ""2026-02-04T06:10:00.991702""}]"
zl_zw,1,女,小学,,2026-02-01T06:58:14.925408,"[""谒衡岳庙遂宿岳寺题门楼"", ""子夜吴歌·夏歌"", ""和张仆射塞下曲·其一"", ""游子吟"", ""宫词·寂寂花时闭院门"", ""春望"", ""秋日赴阙题潼关驿楼""]",[]
zoe,30,女,硕士,,2026-01-30T07:52:38.580807,"[""集灵台·其一"", ""宿桐庐江寄广陵旧游""]",[]
zqh,57,女,本科,,2026-01-30T14:40:13.386929,"[""金缕衣"", ""梦游天姥吟留别"", ""溪居"", ""蜀道难"", ""客夜与故人偶集"", ""赠别二首·其二"", ""登柳州城楼寄漳汀封连四州"", ""咏怀古迹五首·其二"", ""无题·飒飒东风细雨来""]",[]
一,8,男,小学,,2026-01-31T00:50:53.521410,"[""和乐天春词"", ""观公孙大娘弟子舞剑器行""]",[]
一一,45,男,本科,,2026-01-30T12:42:36.194123,"[""九月九日忆山东兄弟""]",[]
一个,8,女,小学,,2026-01-30T05:52:28.719895,"[""山石""]",[]
一日新,29,男,本科,20,2026-01-30T13:47:39.693562,"[""锦瑟"", ""赠孟浩然"", ""初发扬子寄元大校书"", ""楚江怀古三首·其一"", ""贼退示官吏"", ""清平调·其一"", ""清平调·其三"", ""东郊"", ""鹿柴"", ""关山月"", ""喜见外弟又言别"", ""观公孙大娘弟子舞剑器行""]",[]
一秒幻觉,39,女,硕士,,2026-01-30T10:26:06.651404,"[""感遇十二首·其一"", ""春怨·纱窗日落渐黄昏"", ""早秋三首·其一"", ""寻南溪常山道人隐居"", ""登岳阳楼"", ""遣悲怀三首·其二"", ""赠内人"", ""客至"", ""寄人"", ""望洞庭湖赠张丞相""]",[]
丁丁,14,男,初中,15,2026-01-30T12:22:01.006700,"[""送别·山中相送罢"", ""寄左省杜拾遗"", ""感遇十二首·其四"", ""桃花溪"", ""走马川行奉送封大夫出师西征"", ""塞下曲·饮马渡秋水"", ""宫词二首·其一"", ""行经华山"", ""长相思·其一""]",[]
丁丁丁丁,35,女,本科,,2026-01-30T05:51:40.806446,"[""送别·山中相送罢"", ""闻官军收河南河北"", ""清平调·其二"", ""行经华山"", ""谒衡岳庙遂宿岳寺题门楼""]",[]
三岁,13,男,初中,,2026-01-30T13:11:55.646621,"[""琵琶行""]",[]
不胡不要钱,35,男,本科,,2026-01-30T23:44:49.754627,"[""行路难·其一"", ""赠阙下裴舍人"", ""清明日宴梅道士房""]",[]
东东,40,女,本科,,2026-02-03T12:02:04.202838,"[""野望"", ""遣悲怀三首·其三"", ""过香积寺"", ""苏武庙"", ""在狱咏蝉"", ""送元二使安西""]",[]
丽丽,50,女,本科,,2026-01-30T14:07:48.295964,,
九九,50,男,硕士,,2026-01-30T12:59:17.275156,,
书之岁华,61,女,大专,,2026-01-30T09:12:05.440839,,
二狗子,37,女,硕士,,2026-01-30T05:32:38.325378,"[""登鹳雀楼"", ""长沙过贾谊宅""]",[]
人,28,女,硕士,,2026-01-30T05:56:38.489077,,
你爹,40,男,硕士,,2026-01-30T06:23:21.445788,,
佳佳,59,女,本科,,2026-01-30T13:33:59.555450,"[""听弹琴"", ""客至""]",[]
倪妮,40,男,初中,,2026-02-03T12:04:02.706552,"[""寄扬州韩绰判官"", ""韩碑"", ""新嫁娘词"", ""隋宫·乘兴南游不戒严"", ""咏怀古迹五首·其四""]",[]
元稹,30,女,硕士,,2026-01-30T06:04:13.462989,,
兔,51,男,本科,20,2026-01-30T06:25:51.675644,"[""塞下曲·蝉鸣空桑林"", ""哀王孙"", ""金缕衣"", ""咏怀古迹五首·其五"", ""行路难·其二"", ""早发白帝城"", ""李端公""]",[]
兰可欣然,50,女,小学,,2026-01-30T05:52:09.639614,"[""江南逢李龟年"", ""谒衡岳庙遂宿岳寺题门楼"", ""至德二载甫自京金光门出间道归凤翔乾元初从左拾遗移华州掾与亲故别因出此门有悲往事""]",[]
冠冠,13,男,本科,,2026-01-31T00:11:29.834188,,
刘安星,36,男,大专,,2026-01-30T05:55:02.015194,,
刘小草,35,男,硕士,,2026-01-30T12:34:43.981415,,
刘闯,35,男,本科,,2026-02-01T09:37:02.967498,,
吉丽,60,女,高中,25,2026-01-30T08:59:07.465989,"[""酬程延秋夜即事见赠"", ""宫词·十二楼中尽晓妆"", ""无题·凤尾香罗薄几重"", ""喜外弟卢纶见宿"", ""奉和中书舍人贾至早朝大明宫"", ""客夜与故人偶集"", ""春宿左省"", ""相思"", ""长信秋词五首·其三"", ""送灵澈上人"", ""韦讽录事宅观曹将军画马图"", ""旅宿"", ""贼平后送人北归"", ""咏怀古迹五首·其五"", ""春宫曲"", ""寄左省杜拾遗"", ""汉江临泛"", ""留别王侍御维"", ""凉州词""]",[]
吴韫聪,30,男,硕士,,2026-02-01T21:41:43.442605,"[""竹里馆"", ""送陈章甫"", ""秋日登吴公台上寺远眺"", ""登幽州台歌"", ""寄扬州韩绰判官"", ""利州南渡"", ""寄令狐郎中""]",[]
周春,49,男,大专,,2026-01-31T04:40:09.391737,,
唐王维,48,男,本科,,2026-01-30T12:43:18.518800,"[""长干曲四首·其一""]",[]
啦啦,28,女,本科,,2026-01-30T07:35:54.551598,"[""蜀相""]",[]
喜洋洋,48,女,硕士,,2026-01-30T15:09:57.557662,"[""登高""]",[]
喵鸣嚎,27,男,博士,,2026-01-30T05:57:36.451985,"[""集灵台·其一""]",[]
嘉茵,55,女,本科,,2026-01-30T05:48:34.390650,"[""宿王昌龄隐居"", ""关山月""]",[]
坦然,55,女,大专,,2026-01-30T14:38:25.933518,,
大菠萝,23,女,本科,,2026-02-03T12:03:08.540194,"[""感遇十二首·其四"", ""遣悲怀三首·其二"", ""寄人""]",[]
天天向上,36,男,大专,,2026-02-03T13:30:01.644785,,
太白,37,男,大专,,2026-01-30T13:11:43.058331,,
妙,40,女,本科,,2026-02-03T12:03:41.906477,"[""奉和圣制从蓬莱向兴庆阁道中留春雨中春望之作应制"", ""寄全椒山中道士""]",[]
妙雅,56,女,初中,,2026-01-30T10:33:41.394580,,
孙岩,43,男,本科,,2026-01-31T02:02:45.566629,"[""感遇十二首·其二""]",[]
孤影惊鸿,41,女,本科,,2026-01-30T12:56:54.498766,"[""赠孟浩然""]",[]
宋梓鸣,12,男,小学,20,2026-02-01T11:10:51.681356,"[""嫦娥"", ""游子吟"", ""旅宿"", ""听董大弹胡笳声兼寄语弄房给事"", ""赋得暮雨送李胄"", ""春望"", ""逢入京使"", ""送李中丞之襄州"", ""寄令狐郎中"", ""渔翁""]",[]
完颜,33,女,博士,,2026-01-30T19:50:53.903978,"[""春宫曲"", ""遣悲怀三首·其三"", ""听蜀僧濬弹琴""]",[]
寅午戌,33,男,高中,,2026-01-30T05:28:28.426176,,
寒寒,45,女,本科,,2026-02-03T12:04:28.555241,"[""赤壁"", ""相思"", ""题金陵渡"", ""长干行·其一"", ""逢入京使"", ""题破山寺后禅院"", ""琵琶行"", ""哥舒歌""]",[]
小丸子,33,女,大专,,2026-01-30T06:12:05.449903,,
小九,38,女,本科,,2026-01-30T08:37:37.160882,"[""青溪""]",[]
小凡,36,女,本科,,2026-01-30T06:53:32.902791,,
小刚,41,男,博士,,2026-01-30T10:54:18.489496,"[""已凉""]",[]
小小鱼,29,女,硕士,,2026-01-30T08:20:49.094388,,
小张,40,女,本科,15,2026-01-30T05:52:48.421012,"[""征怨"", ""寄左省杜拾遗"", ""贫女"", ""哀江头"", ""次北固山下"", ""庐山谣寄卢侍御虚舟"", ""夜泊牛渚怀古"", ""春宫曲""]",[]
小心意,34,女,大专,,2026-01-30T06:49:47.725793,"[""无题·凤尾香罗薄几重"", ""渡荆门送别"", ""贫女"", ""咏怀古迹五首·其三"", ""枫桥夜泊"", ""风雨""]",[]
小李,29,女,硕士,,2026-02-03T12:02:29.533458,"[""寄人"", ""山居秋暝"", ""韩碑"", ""利州南渡"", ""终南别业"", ""酬张少府""]",[]
小李白,40,男,硕士,,2026-02-03T12:04:31.860683,"[""孤雁二首·其二""]",[]
小王,42,女,本科,,2026-01-30T06:42:20.377233,,
小白,40,女,本科,,2026-02-03T12:03:45.056419,,
小草,80,女,本科,,2026-01-30T07:17:32.337157,"[""燕歌行·并序""]",[]
小蕾,37,女,本科,,2026-01-31T00:48:38.894992,"[""竹里馆""]",[]
小锐,35,男,大专,,2026-01-30T05:53:32.556354,,
小陆姑娘,32,女,大专,,2026-01-30T05:55:49.534514,"[""征怨"", ""渡汉江""]",[]
山左一苇,50,男,本科,,2026-01-30T13:05:50.313672,,
崔小嘟,38,男,博士,,2026-01-30T12:59:19.619394,,
平冉,7,男,小学,15,2026-01-30T05:55:24.413384,"[""经邹鲁祭孔子而叹之"", ""长沙过贾谊宅"", ""和张仆射塞下曲·其四"", ""和晋陵陆丞早春游望"", ""淮上喜会梁州故人"", ""登楼"", ""观公孙大娘弟子舞剑器行"", ""送李少府贬峡中王少府贬长沙""]",[]
平轩,56,男,博士,,2026-01-30T11:47:48.554262,"[""旅夜书怀"", ""听安万善吹觱篥歌"", ""无题·凤尾香罗薄几重"", ""玉台体"", ""寒食"", ""宫词二首·其一"", ""长干曲四首·其一""]",[]
庐陵兰,56,女,硕士,,2026-01-30T13:17:00.121633,"[""贫女""]",[]
度,33,女,大专,,2026-01-30T05:57:23.630719,,
度。,33,女,本科,,2026-01-30T06:03:53.505242,"[""长沙过贾谊宅"", ""咏怀古迹五首·其一"", ""金陵图"", ""淮上喜会梁州故人"", ""春宫曲"", ""登柳州城楼寄漳汀封连四州"", ""无题·飒飒东风细雨来""]",[]
度～,33,女,本科,,2026-01-30T05:57:47.763135,,
张,27,女,本科,,2026-02-03T12:11:32.794443,"[""送綦毋潜落第还乡"", ""送人东游"", ""赤壁"", ""夜泊牛渚怀古"", ""滁州西涧"", ""秋夜寄邱员外""]",[]
张改转,27,女,本科,,2026-02-03T12:02:20.353436,,
张琪,44,男,本科,,2026-01-31T01:25:13.124851,,
彬爷,29,男,硕士,,2026-01-30T06:48:36.396654,"[""夕次盱眙县""]",[]
我,20,男,博士,,2026-01-30T16:38:29.147927,,
拾,39,女,高中,,2026-01-30T06:29:20.766745,,
无无明亦无,35,男,本科,,2026-01-31T01:40:24.349547,,
旧书重读,55,男,大专,,2026-01-30T14:28:13.849959,"[""隋宫·紫泉宫殿锁烟霞""]",[]
旺旺,52,男,硕士,,2026-01-30T13:26:30.366692,,
曹植,35,男,硕士,,2026-01-30T15:20:35.613301,,
月月,10,女,小学,,2026-01-30T14:16:36.717265,,
李中白,29,女,博士,,2026-01-31T05:51:06.649353,"[""喜外弟卢纶见宿""]",[]
李为,23,男,大专,,2026-02-01T06:39:21.009730,"[""送魏万之京""]",[]
李义贞,62,女,大专,,2026-01-30T12:35:42.884350,"[""感遇十二首·其一"", ""行路难·其三""]",[]
李伟,36,男,本科,,2026-01-30T06:16:58.523524,,
李商隐,38,男,硕士,,2026-01-30T06:04:39.488809,,
李大白,32,男,本科,,2026-01-30T13:02:13.271864,,
李太白,25,男,本科,,2026-02-03T11:56:54.373819,,
李小白,30,男,硕士,,2026-01-30T15:56:13.894589,"[""积雨辋川庄作""]",[]
李帅帅,37,男,硕士,,2026-01-30T12:35:54.419472,"[""枫桥夜泊""]",[]
李煜,29,男,本科,15,2026-01-30T04:19:30.589272,"[""马嵬坡"", ""石鱼湖上醉歌"", ""寻陆鸿渐不遇"", ""月下独酌·其一"", ""无题·来是空言去绝踪"", ""送崔九"", ""西施咏"", ""孤雁二首·其二"", ""春思·燕草如碧丝"", ""灞上秋居"", ""和张仆射塞下曲·其二"", ""贼平后送人北归""]",[]
李白,32,男,硕士,,2026-01-30T04:17:19.656884,,
李白之友,55,男,本科,,2026-01-31T06:09:51.801452,,
李白比较忙,40,男,硕士,,2026-01-30T12:14:10.473550,"[""寻陆鸿渐不遇"", ""云阳馆与韩绅宿别"", ""酬郭给事"", ""无题·相见时难别亦难"", ""桃源行"", ""登高"", ""古意"", ""送方外上人""]",[]
李白白,30,男,硕士,,2026-01-30T18:33:00.546466,,
李福杰,49,男,本科,,2026-01-30T08:52:37.912313,,
李维,23,男,高中,,2026-02-01T06:29:05.018996,,
李黑,52,女,高中,,2026-01-30T13:02:27.162672,,
杜甫,30,男,硕士,,2026-01-30T04:56:58.303121,,
杜甫草堂,33,女,博士,,2026-01-30T23:42:40.613285,"[""行路难·其一""]",[]
来世作朵花,58,女,大专,,2026-01-30T08:16:39.867499,"[""秋登兰山寄张五"", ""贼平后送人北归"", ""西施咏"", ""清明日宴梅道士房"", ""塞下曲·蝉鸣空桑林"", ""望岳"", ""落花"", ""赠别二首·其二"", ""回乡偶书""]",[]
杨,1,男,本科,,2026-02-03T11:59:59.719945,"[""寄李儋元锡"", ""春晓"", ""晨诣超师院读禅经""]",[]
杨元祺,27,男,硕士,,2026-01-30T05:57:59.331289,,
果子,49,女,本科,,2026-02-03T12:04:06.786512,"[""山居秋暝"", ""送杨氏女"", ""轮台歌奉送封大夫出师西征"", ""和贾舍人早朝大明宫之作"", ""新年作"", ""琵琶行""]",[]
枣集,25,女,大专,,2026-02-04T02:26:07.294632,,"[{""p"": ""/home/ubuntu/workspace/image_voting_system/all_images/寻南溪常山道人隐居_gpt.jpg"", ""at"": ""2026-02-04T02:26:07.300323""}]"
柯,30,男,本科,,2026-01-30T05:57:03.594461,"[""西塞山怀古""]",[]
柳暗花明,56,男,大专,,2026-01-30T07:14:00.035297,,
梅梅,34,女,本科,,2026-01-30T07:23:04.033911,"[""酬程延秋夜即事见赠""]",[]
棉花贝,41,女,本科,,2026-01-30T05:58:45.256742,"[""书边事""]",[]
棉裤,35,男,本科,,2026-02-03T12:08:35.327347,"[""九月九日忆山东兄弟"", ""寄人"", ""送别·下马饮君酒"", ""孤雁二首·其二"", ""云阳馆与韩绅宿别"", ""宿王昌龄隐居"", ""寄令狐郎中"", ""题大庾岭北驿""]",[]
欧,40,女,本科,,2026-01-30T06:18:45.527793,,
沥青罩,800,女,小学,,2026-01-30T06:57:52.114882,,
波,55,女,高中,,2026-01-30T07:33:53.173229,,
洋洋,7,男,小学,,2026-01-30T05:53:01.286452,,
深蓝,44,女,本科,,2026-01-30T05:53:39.963184,"[""征怨"", ""旅夜书怀"", ""经邹鲁祭孔子而叹之"", ""登金陵凤凰台"", ""和张仆射塞下曲·其一""]",[]
清风沐川,55,女,大专,,2026-01-31T00:56:00.380724,"[""长相思·其一""]",[]
渡,33,女,本科,,2026-01-30T05:53:53.802802,"[""清平调·其三"", ""云阳馆与韩绅宿别""]",[]
渡～,33,女,本科,,2026-01-30T06:00:00.112124,,
温实初,15,男,硕士,,2026-01-30T06:08:14.206816,"[""梦李白二首·其一""]",[]
炫,55,女,硕士,,2026-01-30T15:43:40.975012,"[""喜外弟卢纶见宿"", ""寄左省杜拾遗"", ""老将行"", ""哥舒歌"", ""酬张少府""]",[]
烟花熤冷,53,男,硕士,,2026-01-30T14:42:41.387034,"[""赋得古原草送别""]",[]
熊二,30,男,博士,,2026-01-30T06:17:50.505132,"[""巴山道中除夜书怀""]",[]
爱吃好多鱼,30,男,本科,,2026-01-30T14:30:50.222832,,
牛,35,男,硕士,,2026-01-30T12:42:42.081150,"[""听弹琴""]",[]
牧之,30,男,本科,,2026-01-30T13:22:49.387989,"[""在狱咏蝉"", ""终南别业""]",[]
王,30,男,博士,,2026-01-30T04:11:28.386009,,
王三,30,男,硕士,,2026-01-30T15:33:12.869988,"[""春怨·纱窗日落渐黄昏"", ""积雨辋川庄作""]",[]
王佳妮,48,女,硕士,,2026-01-31T00:50:38.627274,,
王强,44,男,博士,,2026-01-30T12:57:22.842094,,
王淑敏,37,女,大专,,2026-01-30T08:49:58.032833,"[""东郊""]",[]
王玮,11,男,小学,,2026-01-30T15:25:49.458280,"[""过香积寺""]",[]
王维,29,男,硕士,,2026-01-30T05:36:04.226253,,
王维111,18,男,高中,,2026-01-30T12:00:41.100959,,
王维一首,27,男,本科,,2026-02-03T12:01:00.636174,"[""山居秋暝"", ""凉州词二首·其一"", ""黄鹤楼送孟浩然之广陵"", ""玉阶怨"", ""寄韩谏议注"", ""丹青引赠曹将军霸"", ""新年作"", ""题破山寺后禅院""]",[]
王维仲,14,男,博士,,2026-01-30T07:20:50.259262,,
王维大哥大,30,女,硕士,,2026-01-30T05:02:03.558698,"[""闺怨""]",[]
王荣昶,30,男,硕士,,2026-02-01T07:52:45.682294,"[""子夜吴歌·夏歌""]",[]
王蓉,36,女,本科,,2026-01-30T06:18:43.590432,"[""秋日赴阙题潼关驿楼""]",[]
王薇,44,女,本科,,2026-02-03T12:06:26.352336,"[""寒食""]",[]
百合,29,女,本科,,2026-01-30T10:40:16.406514,"[""登鹳雀楼""]",[]
皇家股,26,男,硕士,,2026-01-30T13:39:46.629552,"[""杂诗·近寒食雨草萋萋"", ""清平调·其一"", ""长恨歌"", ""客至"", ""清明日宴梅道士房""]",[]
看看,58,女,本科,15,2026-01-30T07:56:44.294240,"[""征怨"", ""终南望余雪"", ""塞下曲·蝉鸣空桑林"", ""秋夕"", ""庐山谣寄卢侍御虚舟"", ""送崔九"", ""寻隐者不遇"", ""别房太尉墓"", ""喜见外弟又言别"", ""登鹳雀楼"", ""送李少府贬峡中王少府贬长沙"", ""韩碑""]",[]
睿睿,30,男,本科,,2026-01-30T05:39:08.886726,"[""赠孟浩然"", ""感遇十二首·其一"", ""送崔九"", ""鹿柴"", ""终南山"", ""长相思·其一"", ""望月有感""]",[]
瞿聪,26,女,硕士,,2026-02-03T12:03:36.318902,"[""出塞""]",[]
福,33,女,本科,,2026-02-03T12:04:17.125308,,
秦风唐韵,45,男,硕士,,2026-01-30T15:26:58.467442,,
程倩,39,女,本科,,2026-01-30T05:59:33.249196,"[""秋日赴阙题潼关驿楼""]",[]
穆桂梅,60,女,本科,,2026-01-30T12:37:19.197677,"[""寄扬州韩绰判官""]",[]
粉丝煲,43,男,本科,,2026-01-30T12:45:37.031331,"[""问刘十九""]",[]
羊头,22,男,本科,,2026-02-01T06:12:48.490926,,
耀西,60,女,本科,,2026-01-30T08:42:27.044457,,
老李,60,男,硕士,,2026-01-30T07:36:09.683906,"[""章台夜思"", ""北青萝""]",[]
老杨,60,男,大专,,2026-01-30T08:25:19.437198,,
胡,31,女,大专,,2026-01-30T07:56:37.783791,,
胡子,58,男,本科,,2026-01-30T13:21:46.515828,,
舅舅,45,男,硕士,,2026-01-30T07:47:00.824494,,
花花,32,女,本科,,2026-01-30T08:23:01.828920,,
苏轼,29,女,硕士,,2026-01-30T06:21:44.565276,"[""巴山道中除夜书怀"", ""听筝"", ""黄鹤楼送孟浩然之广陵""]",[]
葡萄,30,女,本科,,2026-01-30T06:05:38.319544,"[""送友人"", ""子夜吴歌·秋歌""]",[]
董小杰,37,男,高中,,2026-01-30T05:52:21.171835,"[""隋宫·乘兴南游不戒严"", ""玉台体"", ""寻隐者不遇"", ""滁州西涧""]",[]
葫芦娃,25,女,硕士,,2026-02-04T19:00:32.405358,,[]
蔡利群,63,女,本科,,2026-01-30T11:19:05.725372,"[""秋夜曲""]",[]
蕾,35,女,本科,,2026-01-30T10:14:41.476480,"[""寻西山隐者不遇""]",[]
融融,50,女,硕士,,2026-01-30T12:45:59.612419,,
西西,29,女,硕士,,2026-01-30T04:30:31.120460,,
诗仙,30,男,博士,,2026-01-31T19:30:28.429307,"[""玉阶怨""]",[]
谢灵运,25,女,硕士,,2026-01-30T04:39:48.832800,"[""送梓州李使君"", ""寻隐者不遇"", ""淮上喜会梁州故人"", ""登柳州城楼寄漳汀封连四州"", ""阙题""]",[]
谢道韫,28,女,硕士,,2026-01-30T06:44:34.257625,"[""经邹鲁祭孔子而叹之""]",[]
谷雨,36,女,硕士,,2026-01-30T10:46:30.868115,"[""月下独酌·其一"", ""郡斋雨中与诸文士燕集"", ""杂诗·近寒食雨草萋萋"", ""秋日登吴公台上寺远眺"", ""听蜀僧濬弹琴"", ""送崔九"", ""子夜吴歌·冬歌"", ""积雨辋川庄作"", ""无题·飒飒东风细雨来""]",[]
贝,37,女,本科,15,2026-01-30T10:15:33.470501,"[""与高适薛据同登慈恩寺浮图"", ""感遇十二首·其一"", ""下终南山过斛斯山人宿置酒"", ""金陵酒肆留别"", ""遣怀"", ""泊秦淮"", ""咏怀古迹五首·其三"", ""望月有感""]",[]
贺学军,58,女,本科,,2026-01-30T05:44:04.937675,,
赵匡胤,30,男,硕士,,2026-01-30T04:18:08.411617,"[""江南曲""]",[]
辛弃疾,35,男,博士,,2026-01-30T06:03:20.443845,,
辛弃疾也被用了？,29,女,硕士,,2026-01-30T16:47:44.040834,"[""梦李白二首·其二""]",[]
追风,55,女,本科,,2026-01-30T13:25:12.306611,,
遛遛,10,女,小学,,2026-01-30T14:32:33.421424,,
鄱湖归雁,54,男,本科,,2026-01-30T14:09:35.226108,"[""咏怀古迹五首·其五""]",[]
钱高磊,8,男,小学,,2026-01-30T06:05:50.440935,"[""石鱼湖上醉歌""]",[]
铁树开花,41,女,高中,15,2026-01-30T06:09:18.110719,"[""自夏口至鹦鹉洲夕望岳阳寄源中丞"", ""怨情"", ""走马川行奉送封大夫出师西征"", ""集灵台·其二"", ""塞下曲·饮马渡秋水"", ""至德二载甫自京金光门出间道归凤翔乾元初从左拾遗移华州掾与亲故别因出此门有悲往事""]",[]
铭铭,33,女,本科,,2026-01-31T03:21:37.365755,,
锐哥,38,男,大专,,2026-01-30T05:55:08.817151,"[""塞下曲·饮马渡秋水""]",[]
阳光,57,女,本科,,2026-01-30T13:06:04.929674,,
阳光笑容,54,女,硕士,,2026-01-30T13:16:33.341967,"[""烈女操""]",[]
阿桑,36,男,硕士,,2026-01-31T13:34:56.765458,"[""贼退示官吏""]",[]
阿紫,58,女,本科,,2026-01-30T13:15:09.223707,,
陈怡,34,女,硕士,,2026-01-30T12:51:28.955894,"[""哥舒歌"", ""桃花溪""]",[]
陈雪,35,女,高中,,2026-02-01T06:34:42.408894,,
陌生的城市,33,女,本科,,2026-02-01T09:24:37.305230,"[""相思""]",[]
霖,58,女,大专,,2026-01-30T06:15:45.682441,,
露,33,女,大专,,2026-01-30T06:17:21.219629,"[""闺怨"", ""凉思"", ""题金陵渡"", ""旅宿"", ""回乡偶书"", ""赠别二首·其二"", ""轮台歌奉送封大夫出师西征""]",[]
青山,37,男,硕士,,2026-01-30T13:41:30.451581,"[""风雨"", ""谷口书斋寄杨补阙""]",[]
韦韦,48,女,初中,,2026-01-30T05:52:48.174639,"[""集灵台·其二""]",[]
马哥,47,男,大专,,2026-01-30T08:14:21.619440,"[""将赴吴兴登乐游原一绝""]",[]
马老师,45,女,本科,,2026-01-30T07:28:02.476600,"[""丽人行"", ""无题·来是空言去绝踪"", ""登鹳雀楼""]",[]
高千伟,26,男,本科,,2026-01-30T05:05:49.986469,"[""阙题"", ""和乐天春词"", ""寄全椒山中道士"", ""金谷园"", ""感遇十二首·其七"", ""韩碑""]",[]
高山,46,女,本科,,2026-02-03T12:04:27.501609,"[""风雨""]",[]
高达,30,男,硕士,,2026-01-30T04:25:36.886516,"[""行宫""]",[]
鱼,55,女,大专,15,2026-01-27T04:01:18.314640,"[""逢入京使"", ""赠阙下裴舍人"", ""瑶瑟怨"", ""送友人"", ""古意"", ""谒衡岳庙遂宿岳寺题门楼"", ""望岳"", ""送李少府贬峡中王少府贬长沙""]",[]
鹅鹅鹅,28,男,本科,,2026-01-30T06:09:08.911473,"[""石鱼湖上醉歌"", ""送别·山中相送罢"", ""楚江怀古三首·其一"", ""秋日赴阙题潼关驿楼"", ""送灵澈上人"", ""泊秦淮"", ""寻西山隐者不遇"", ""书边事"", ""子夜吴歌·冬歌""]",[]
鹭,39,男,大专,,2026-01-30T07:50:35.166636,"[""郡斋雨中与诸文士燕集""]",[]
，，，，，,18,男,博士,,2026-02-03T23:17:58.628729,,